STATISTIK BILANGAN MURID MENGIKUT JANTINA DAN KAUM,,,,,,,,,,,,
,,,,,,,,,,,,
BIL,PPD,Kod Sekolah,Nama Sekolah,Melayu Bumiputera,,Cina,,India,,Lain-Lain,,JUMLAH
,,,,L,P,L,P,L,P,L,P,
1,PPD BENTONG,CBA0001,SEKOLAH KEBANGSAAN FELDA LURAH BILUT,141,123,2,,1,3,3,2,275
2,PPD BENTONG,CBA0002,SEKOLAH KEBANGSAAN LEBU,93,99,,,1,,1,2,196
3,PPD BENTONG,CBA0003,SEKOLAH KEBANGSAAN SRI LAYANG,57,68,2,4,4,5,2,,142
4,PPD BENTONG,CBA0004,SEKOLAH KEBANGSAAN TUANKU FATIMAH,345,320,,,4,4,5,3,681
5,PPD BENTONG,CBA0005,SEKOLAH KEBANGSAAN FELDA KG. SERTIK,184,168,,,3,2,,,357
6,PPD BENTONG,CBA0006,SEKOLAH KEBANGSAAN SUNGAI DUA,66,72,,,,,,,138
7,PPD BENTONG,CBA0007,SEKOLAH KEBANGSAAN KARAK,270,258,4,1,11,14,1,4,563
8,PPD BENTONG,CBA0008,SEKOLAH KEBANGSAAN JAMBU RIAS,70,93,,1,,,3,2,169
9,PPD BENTONG,CBA0009,SEKOLAH KEBANGSAAN PELANGAI,60,55,,,,,2,,117
10,PPD BENTONG,CBA0010,SEKOLAH KEBANGSAAN SIMPANG PELANGAI,102,95,,,,,3,2,202
11,PPD BENTONG,CBA0011,SEKOLAH KEBANGSAAN KG SHAFIE,39,32,,,5,4,,1,81
12,PPD BENTONG,CBA0013,SEKOLAH KEBANGSAAN JANDA BAIK,155,146,1,1,1,1,5,5,315
13,PPD BENTONG,CBA0015,SEKOLAH KEBANGSAAN (FELDA) MEMPAGA 1,137,129,,1,,,,,267
14,PPD BENTONG,CBA0016,SEKOLAH KEBANGSAAN (FELDA) KEMASUL,109,90,,,,,2,1,202
15,PPD BENTONG,CBA0017,SEKOLAH KEBANGSAAN (FELDA) MEMPAGA 2,246,249,,,,,,3,498
16,PPD BENTONG,CBA0018,SEKOLAH KEBANGSAAN LENTANG,37,33,,,,1,1,,72
17,PPD BENTONG,CBA0019,SEKOLAH KEBANGSAAN BUKIT PIATU,292,311,,,2,11,5,3,624
18,PPD BENTONG,CBA0020,SEKOLAH KEBANGSAAN (FELDA) CHEMOMOI,199,178,,,,,2,3,382
19,PPD BENTONG,CBA0021,SEKOLAH KEBANGSAAN (FELDA) SG KEMAHAL,102,79,,,,1,,1,183
20,PPD BENTONG,CBB0015,SEKOLAH KEBANGSAAN SULAIMAN,370,335,5,5,13,25,8,9,770
21,PPD BENTONG,CBB0054,SEKOLAH KEBANGSAAN SG MARONG,143,109,3,1,23,13,3,3,298
22,PPD BENTONG,CBC0023,SEKOLAH JENIS KEBANGSAAN (CINA) KHAI MUN PAGI,16,8,186,179,3,1,1,,394
23,PPD BENTONG,CBC0024,SEKOLAH JENIS KEBANGSAAN (CINA) KHAI MUN REPAS,8,6,42,32,5,5,1,,99
24,PPD BENTONG,CBC0025,SEKOLAH JENIS KEBANGSAAN (CINA) KHAI MUN CHAMANG,1,4,82,58,4,2,1,,152
25,PPD BENTONG,CBC0027,SEKOLAH JENIS KEBANGSAAN (CINA) KETARI,23,15,134,140,4,7,3,,326
26,PPD BENTONG,CBC0028,SEKOLAH JENIS KEBANGSAAN (CINA) PERTING,,1,139,151,1,,,,292
27,PPD BENTONG,CBC0029,SEKOLAH JENIS KEBANGSAAN (CINA) SUNGAI DUA,2,6,14,24,1,,,,47
28,PPD BENTONG,CBC0030,SEKOLAH JENIS KEBANGSAAN (CINA) KARAK,12,18,125,144,7,9,1,3,319
29,PPD BENTONG,CBC0033,SEKOLAH JENIS KEBANGSAAN (CINA) TELEMONG,14,14,38,45,2,3,,1,117
30,PPD BENTONG,CBC0034,SEKOLAH JENIS KEBANGSAAN (CINA) MANCHIS,1,3,16,11,2,4,,,37
31,PPD BENTONG,CBC0035,SEKOLAH JENIS KEBANGSAAN (CINA) BUKIT TINGGI,13,7,74,42,2,1,1,1,141
32,PPD BENTONG,CBC0036,SEKOLAH JENIS KEBANGSAAN (CINA) LURAH BILUT,16,14,29,27,,,,,86
33,PPD BENTONG,CBD0038,SEKOLAH JENIS KEBANGSAAN (TAMIL) BENTONG,,,,,83,70,,,153
34,PPD BENTONG,CBD0039,SEKOLAH JENIS KEBANGSAAN (TAMIL) SRI TELEMONG,1,,,1,17,10,,1,30
35,PPD BENTONG,CBD0040,SEKOLAH JENIS KEBANGSAAN (TAMIL) LADANG RENJOK,,,,,26,22,,,48
36,PPD BENTONG,CBD0041,SEKOLAH JENIS KEBANGSAAN (TAMIL) KARAK,,,,,124,107,,,231
37,PPD BENTONG,CBD0042,SEKOLAH JENIS KEBANGSAAN (TAMIL) LURAH BILUT,,,,,17,19,,,36
38,PPD BENTONG,CBK0026,SEKOLAH JENIS KEBANGSAAN (CINA) SG PENJURING,4,5,26,14,4,,,,53
39,PPD BENTONG,CEA0014,SEKOLAH MENENGAH KEBANGSAAN BENTONG,241,224,1,1,6,10,5,1,489
40,PPD BENTONG,CEA0015,SEKOLAH MENENGAH KEBANGSAAN (LKTP) KG SERTIK,233,188,2,,2,2,,,427
41,PPD BENTONG,CEA0053,SEKOLAH MENENGAH KEBANGSAAN (FELDA) LURAH BILUT,112,115,9,6,3,5,5,3,258
42,PPD BENTONG,CEA0055,SEKOLAH MENENGAH KEBANGSAAN SERI PELANGAI,77,56,10,9,2,2,1,1,158
43,PPD BENTONG,CEA0056,SEKOLAH MENENGAH KEBANGSAAN SERI BENTONG,166,310,1,,,,,3,480
44,PPD BENTONG,CEA0057,SEKOLAH MENENGAH KEBANGSAAN BUKIT TINGGI,111,76,34,23,,,15,10,269
45,PPD BENTONG,CEA0058,SEKOLAH MENENGAH KEBANGSAAN KUALA REPAS,165,143,3,,9,4,5,4,333
46,PPD BENTONG,CEA0059,SEKOLAH MENENGAH KEBANGSAAN KARAK SETIA,82,64,,,22,14,4,2,188
47,PPD BENTONG,CEA0060,SEKOLAH MENENGAH KEBANGSAAN (FELDA) CHEMOMOI,184,160,,,1,1,7,5,358
48,PPD BENTONG,CEA0061,SEKOLAH MENENGAH KEBANGSAAN SRI LAYANG,23,25,8,1,2,3,1,,63
49,PPD BENTONG,CEB0017,SEKOLAH MENENGAH KEBANGSAAN TELEMONG,2,4,45,46,24,37,1,1,160
50,PPD BENTONG,CEB0019,SEKOLAH MENENGAH KEBANGSAAN KETARI,157,166,217,260,61,58,1,6,926
51,PPD BENTONG,CEB0020,SEKOLAH MENENGAH KEBANGSAAN KATHOLIK,20,26,169,164,23,25,1,1,429
52,PPD BENTONG,CEB0021,SEKOLAH MENENGAH KEBANGSAAN KHAI MUN,104,115,190,190,41,43,2,,685
53,PPD BENTONG,CEE0016,SEKOLAH MENENGAH KEBANGSAAN KARAK,159,148,165,149,108,117,7,2,855
54,PPD BENTONG,CEE0018,SEKOLAH MENENGAH KEBANGSAAN SULAIMAN,157,264,44,60,17,29,2,6,579
55,PPD BENTONG,CHA0002,KOLEJ VOKASIONAL TENGKU AMPUAN AFZAN,509,155,1,2,14,3,6,5,695
56,PPD BENTONG,CRA0001,SEKOLAH MENENGAH AGAMA PERSEKUTUAN BENTONG,357,403,,,1,2,,1,764
57,PPD CAMERON HIGHLANDS,CBA1001,SEKOLAH KEBANGSAAN TANAH RATA,207,198,1,,2,1,1,1,411
58,PPD CAMERON HIGHLANDS,CBA1002,SEKOLAH KEBANGSAAN TELANOK (JHEOA),107,92,,,,,,,199
59,PPD CAMERON HIGHLANDS,CBA1003,SEKOLAH KEBANGSAAN LEMOI (JHEOA),40,40,,,,,,,80
60,PPD CAMERON HIGHLANDS,CBA1004,SEKOLAH KEBANGSAAN MENSON (JHEOA),100,96,,,,1,,,197
61,PPD CAMERON HIGHLANDS,CBA1005,SEKOLAH KEBANGSAAN RPS TERISU (JHEOA),37,58,,,,,1,1,97
62,PPD CAMERON HIGHLANDS,CBA1006,SEKOLAH KEBANGSAAN BRINCHANG,64,49,,,4,,,3,120
63,PPD CAMERON HIGHLANDS,CBA1007,SEKOLAH KEBANGSAAN RINGLET,94,85,,1,4,2,3,2,191
64,PPD CAMERON HIGHLANDS,CBA1008,SEKOLAH KEBANGSAAN KAMPUNG RAJA,67,74,2,2,1,5,2,3,156
65,PPD CAMERON HIGHLANDS,CBB1002,SEKOLAH KEBANGSAAN CONVENT,105,93,3,2,21,17,2,1,244
66,PPD CAMERON HIGHLANDS,CBC1004,SEKOLAH JENIS KEBANGSAAN (CINA) CAMERON,,,68,88,2,,,,158
67,PPD CAMERON HIGHLANDS,CBC1005,SEKOLAH JENIS KEBANGSAAN (CINA) TANAH RATA,3,7,37,36,,1,1,,85
68,PPD CAMERON HIGHLANDS,CBC1006,SEKOLAH JENIS KEBANGSAAN (CINA) BRINCHANG,17,22,40,40,2,2,1,2,126
69,PPD CAMERON HIGHLANDS,CBC1007,SEKOLAH JENIS KEBANGSAAN (CINA) KG RAJA,6,10,104,105,2,,1,,228
70,PPD CAMERON HIGHLANDS,CBC1008,SEKOLAH JENIS KEBANGSAAN (CINA) BERTAM VALLEY,3,7,105,106,2,,,,223
71,PPD CAMERON HIGHLANDS,CBC1010,SEKOLAH JENIS KEBANGSAAN (CINA) TRINGKAP,4,7,43,58,2,1,1,1,117
72,PPD CAMERON HIGHLANDS,CBC1011,SEKOLAH JENIS KEBANGSAAN (CINA) KEA FARM,1,2,22,12,2,2,,,41
73,PPD CAMERON HIGHLANDS,CBD1012,SEKOLAH JENIS KEBANGSAAN (TAMIL) TANAH RATA,1,1,,,19,18,,,39
74,PPD CAMERON HIGHLANDS,CBD1013,SEKOLAH JENIS KEBANGSAAN (TAMIL) LDG BOH (1),,,,,4,4,,,8
75,PPD CAMERON HIGHLANDS,CBD1014,SEKOLAH JENIS KEBANGSAAN (TAMIL) LADANG BOH (2),15,14,,,,1,,,30
76,PPD CAMERON HIGHLANDS,CBD1015,SEKOLAH JENIS KEBANGSAAN (TAMIL) LDG SG PALAS,,1,,,8,11,,,20
77,PPD CAMERON HIGHLANDS,CBD1016,SEKOLAH JENIS KEBANGSAAN (TAMIL) LADANG BLUE VALLEY,,,,,18,17,,,35
78,PPD CAMERON HIGHLANDS,CBD1017,SEKOLAH JENIS KEBANGSAAN (TAMIL) SHUM YIP LEONG,,,,,6,8,,,14
79,PPD CAMERON HIGHLANDS,CBD1019,SEKOLAH JENIS KEBANGSAAN (TAMIL) RINGLET,,,,,37,28,,,65
80,PPD CAMERON HIGHLANDS,CBD1020,SEKOLAH JENIS KEBANGSAAN (TAMIL) KUALA TERLA,,,,,29,29,,,58
81,PPD CAMERON HIGHLANDS,CBK1009,SEKOLAH JENIS KEBANGSAAN (CINA) KUALA TERLA,2,2,41,64,,,3,,112
82,PPD CAMERON HIGHLANDS,CEA1001,SEKOLAH MENENGAH KEBANGSAAN KAMPUNG RAJA,71,82,146,131,34,46,3,5,518
83,PPD CAMERON HIGHLANDS,CEA1002,SEKOLAH MENENGAH KEBANGSAAN RINGLET,127,140,123,131,44,36,4,2,607
84,PPD CAMERON HIGHLANDS,CEB1003,SEKOLAH MENENGAH KEBANGSAAN SULTAN AHMAD SHAH,270,335,75,72,69,82,9,8,920
85,PPD JERANTUT,CBA2001,SEKOLAH KEBANGSAAN BANDAR JERANTUT,247,246,2,,5,4,4,4,512
86,PPD JERANTUT,CBA2002,SEKOLAH KEBANGSAAN KG BAHARU,26,28,,,,,,,54
87,PPD JERANTUT,CBA2003,SEKOLAH KEBANGSAAN DAMAK,150,160,,,,2,4,4,320
88,PPD JERANTUT,CBA2004,SEKOLAH KEBANGSAAN PAWANG NONG,81,102,,,,,1,1,185
89,PPD JERANTUT,CBA2005,SEKOLAH KEBANGSAAN PEDAH,153,138,,,,,2,3,296
90,PPD JERANTUT,CBA2006,SEKOLAH KEBANGSAAN TANAH ROM,30,27,,1,,,3,1,62
91,PPD JERANTUT,CBA2007,SEKOLAH KEBANGSAAN TEBING TINGGI,46,47,,,,,1,1,95
92,PPD JERANTUT,CBA2008,SEKOLAH KEBANGSAAN BUKIT DINDING,62,75,,,,,5,2,144
93,PPD JERANTUT,CBA2009,SEKOLAH KEBANGSAAN GINTONG,9,12,,,,,,,21
94,PPD JERANTUT,CBA2010,SEKOLAH KEBANGSAAN (FELDA) JENGKA 24,83,66,,,,,,,149
95,PPD JERANTUT,CBA2011,SEKOLAH KEBANGSAAN DURIAN HIJAU,22,22,,,,,1,,45
96,PPD JERANTUT,CBA2012,SEKOLAH KEBANGSAAN BUKIT NIKMAT,38,49,,,,,,1,88
97,PPD JERANTUT,CBA2013,SEKOLAH KEBANGSAAN PULAU TAWAR,54,65,,,1,,1,1,122
98,PPD JERANTUT,CBA2014,SEKOLAH KEBANGSAAN PERIAN,52,35,,,,,,,87
99,PPD JERANTUT,CBA2015,SEKOLAH KEBANGSAAN (FELDA) SG TEKAM,92,78,,,,,3,,173
100,PPD JERANTUT,CBA2016,SEKOLAH KEBANGSAAN PULAU MANSOK,49,46,,,,1,,1,97
101,PPD JERANTUT,CBA2017,SEKOLAH KEBANGSAAN TEH,101,90,,,,1,,1,193
102,PPD JERANTUT,CBA2018,SEKOLAH KEBANGSAAN KUALA TEMBELING,75,78,,,,,1,,154
103,PPD JERANTUT,CBA2019,SEKOLAH KEBANGSAAN PASIR DURIAN,23,26,,,,,2,,51
104,PPD JERANTUT,CBA2020,SEKOLAH KEBANGSAAN CHEBONG,89,46,,1,,1,4,3,144
105,PPD JERANTUT,CBA2021,SEKOLAH KEBANGSAAN MERTING,61,58,3,1,,,,,123
106,PPD JERANTUT,CBA2022,SEKOLAH KEBANGSAAN KUALA TAHAN,161,137,,,,,1,2,301
107,PPD JERANTUT,CBA2023,SEKOLAH KEBANGSAAN KG PAGI,19,12,,,,,,,31
108,PPD JERANTUT,CBA2024,SEKOLAH KEBANGSAAN KUALA SAT,31,35,,,,,,,66
109,PPD JERANTUT,CBA2025,SEKOLAH KEBANGSAAN ULU TEMBELING,40,37,,,,,1,,78
110,PPD JERANTUT,CBA2026,SEKOLAH KEBANGSAAN BUKIT MAT DALING,29,26,,,,,,1,56
111,PPD JERANTUT,CBA2027,SEKOLAH KEBANGSAAN GUSAI,7,6,,,,,,,13
112,PPD JERANTUT,CBA2039,SEKOLAH KEBANGSAAN (FELDA) PADANG PIOL,257,231,,,,,5,4,497
113,PPD JERANTUT,CBA2040,SEKOLAH KEBANGSAAN LKTP TEKAM UTARA,131,124,,,,2,2,2,261
114,PPD JERANTUT,CBA2042,SEKOLAH KEBANGSAAN (FELDA) KOTA GELANGGI 1,126,149,1,,,2,2,4,284
115,PPD JERANTUT,CBA2044,SEKOLAH KEBANGSAAN (FELDA) SG RETANG,120,101,,,,,1,3,225
116,PPD JERANTUT,CBA2045,SEKOLAH KEBANGSAAN (FELDA) KOTA GELANGGI 2,169,156,,1,3,3,,,332
117,PPD JERANTUT,CBA2046,SEKOLAH KEBANGSAAN (LKTP) KOTA GELANGGI 3,102,78,,,,,,,180
118,PPD JERANTUT,CBA2047,SEKOLAH KEBANGSAAN P. PENYELIDIKAN PERTANIAN TUN RAZAK,145,136,,,,,,,281
119,PPD JERANTUT,CBA2048,SEKOLAH KEBANGSAAN BATU BALAI,91,76,2,,,1,1,2,173
120,PPD JERANTUT,CBA2049,SEKOLAH KEBANGSAAN SG. KIOL (JHEOA),38,38,,,,,,,76
121,PPD JERANTUT,CBA2050,SEKOLAH KEBANGSAAN TEMIN,330,268,1,,6,6,5,6,622
122,PPD JERANTUT,CBA2051,SEKOLAH KEBANGSAAN LKTP JENGKA 25,22,28,,,,,,1,51
123,PPD JERANTUT,CBA2052,SEKOLAH KEBANGSAAN JERANTUT JAYA,326,331,,1,25,20,4,8,715
124,PPD JERANTUT,CBA2053,SEKOLAH KEBANGSAAN INDERAPURA,101,79,,,3,1,1,2,187
125,PPD JERANTUT,CBA2054,SEKOLAH KEBANGSAAN (FELDA) LEPAR UTARA 8,95,85,1,1,1,,2,2,187
126,PPD JERANTUT,CBA4024,SEKOLAH KEBANGSAAN (FELDA) LEPAR UTARA 1,188,160,,,,,2,,350
127,PPD JERANTUT,CBB2031,SEKOLAH KEBANGSAAN JERANTUT,176,144,6,3,8,7,2,2,348
128,PPD JERANTUT,CBC2033,SEKOLAH JENIS KEBANGSAAN (CINA) SG JAN,46,36,317,324,11,7,4,4,749
129,PPD JERANTUT,CBC2034,SEKOLAH JENIS KEBANGSAAN (CINA) BATU BALAI,13,14,26,10,,1,,1,65
130,PPD JERANTUT,CBC2035,SEKOLAH JENIS KEBANGSAAN (CINA) JERANSONG,16,8,37,37,,1,,,99
131,PPD JERANTUT,CBC2036,SEKOLAH JENIS KEBANGSAAN (CINA) DAMAK,6,8,17,20,,,,,51
132,PPD JERANTUT,CBD2037,SEKOLAH JENIS KEBANGSAAN (TAMIL) JERANTUT,,,,,80,73,,,153
133,PPD JERANTUT,CEA2029,SEKOLAH MENENGAH KEBANGSAAN PULAU TAWAR,159,120,,,,1,2,1,283
134,PPD JERANTUT,CEA2030,SEKOLAH MENENGAH KEBANGSAAN KUALA TEMBELING,56,48,,,1,,,4,109
135,PPD JERANTUT,CEA2045,SEKOLAH MENENGAH KEBANGSAAN PADANG PIOL,134,147,,,,2,7,6,296
136,PPD JERANTUT,CEA2046,SEKOLAH MENENGAH KEBANGSAAN PADANG SAUJANA,265,458,13,22,6,15,4,6,789
137,PPD JERANTUT,CEA2047,SEKOLAH MENENGAH KEBANGSAAN DAMAK,184,160,29,23,,2,5,2,405
138,PPD JERANTUT,CEA2048,SEKOLAH MENENGAH KEBANGSAAN TEMIN,293,334,43,44,12,4,8,7,745
139,PPD JERANTUT,CEA2049,SEKOLAH MENENGAH KEBANGSAAN KOTA GELANGGI 2,150,125,,1,1,2,4,,283
140,PPD JERANTUT,CEA2050,SEKOLAH MENENGAH KEBANGSAAN JUBLI PERAK SULTAN HAJI AHMAD SHAH,142,123,,3,,,1,2,271
141,PPD JERANTUT,CEA2051,SEKOLAH MENENGAH KEBANGSAAN P. PENYELIDIKAN PERTANIAN TUN RAZAK,292,325,,,1,,4,1,623
142,PPD JERANTUT,CEA2052,SEKOLAH MENENGAH KEBANGSAAN SUNGAI RETANG,108,104,,,1,,3,2,218
143,PPD JERANTUT,CEA2053,SEKOLAH MENENGAH KEBANGSAAN INDERAPURA,248,190,11,3,28,31,5,6,522
144,PPD JERANTUT,CEA2054,SEKOLAH MENENGAH KEBANGSAAN JENGKA 24,51,47,,,,,1,,99
145,PPD JERANTUT,CEA4077,SEKOLAH MENENGAH KEBANGSAAN LEPAR UTARA,156,174,1,,,,3,2,336
146,PPD JERANTUT,CEE2032,SEKOLAH MENENGAH KEBANGSAAN JERANTUT,308,302,245,264,34,33,6,13,1205
147,PPD JERANTUT,CFT2001,SMA KOTA GELANGGI 3,50,59,,,,,1,,110
148,PPD JERANTUT,CFT2002,SEKOLAH AGAMA MAAHAD TAHFIZ WA TA'LIMIL AL-QURAN,75,,,,,,1,,76
149,PPD JERANTUT,CRA2001,SEKOLAH MENENGAH KEBANGSAAN AGAMA TENGKU AMPUAN HAJJAH AFZAN PAHANG,292,386,2,,,,1,3,684
150,PPD LIPIS,CBA3001,SEKOLAH KEBANGSAAN MELA,53,51,,,,,1,,105
151,PPD LIPIS,CBA3002,SEKOLAH KEBANGSAAN KUALA TELANG,28,18,,,,,,,46
152,PPD LIPIS,CBA3003,SEKOLAH KEBANGSAAN BATU YON,80,89,,,,,1,,170
153,PPD LIPIS,CBA3004,SEKOLAH KEBANGSAAN KG KELEDEK,65,70,,,,,,1,136
154,PPD LIPIS,CBA3005,SEKOLAH KEBANGSAAN AUR GADING,30,13,,,,,,2,45
155,PPD LIPIS,CBA3006,SEKOLAH KEBANGSAAN MERAPOH,138,140,,,1,,1,2,282
156,PPD LIPIS,CBA3007,SEKOLAH KEBANGSAAN PENJOM,121,112,,,2,,3,2,240
157,PPD LIPIS,CBA3008,SEKOLAH KEBANGSAAN (FELDA) KECAU 1,133,145,1,,,1,2,1,283
158,PPD LIPIS,CBA3009,SEKOLAH KEBANGSAAN BENTA,123,118,,,6,2,2,3,254
159,PPD LIPIS,CBA3010,SEKOLAH KEBANGSAAN BUDU,18,15,,,,,,,33
160,PPD LIPIS,CBA3011,SEKOLAH KEBANGSAAN CHAT,60,57,,,,,,,117
161,PPD LIPIS,CBA3012,SEKOLAH KEBANGSAAN KEMAHANG,27,24,,,,,2,,53
162,PPD LIPIS,CBA3013,SEKOLAH KEBANGSAAN TANJUNG BESAR,58,50,,,,,,,108
163,PPD LIPIS,CBA3014,SEKOLAH KEBANGSAAN JERANSANG,77,57,,,,,1,,135
164,PPD LIPIS,CBA3016,SEKOLAH KEBANGSAAN PAGAR SASAK,62,60,,,,,3,2,127
165,PPD LIPIS,CBA3017,SEKOLAH KEBANGSAAN TANJUNG GAHAI,31,40,,,,,,,71
166,PPD LIPIS,CBA3018,SEKOLAH KEBANGSAAN KUALA MEDANG,78,70,1,,,,1,2,152
167,PPD LIPIS,CBA3019,SEKOLAH KEBANGSAAN WAN IBRAHIM,338,286,3,,5,2,2,,636
168,PPD LIPIS,CBA3020,SEKOLAH KEBANGSAAN RELONG,74,72,,,,1,,,147
169,PPD LIPIS,CBA3021,SEKOLAH KEBANGSAAN BERCHANG,52,46,,,,,2,1,101
170,PPD LIPIS,CBA3022,SEKOLAH KEBANGSAAN LUBOK KULIT,97,97,,,,,3,1,198
171,PPD LIPIS,CBA3023,SEKOLAH KEBANGSAAN PADANG TENGKU,161,127,1,,1,5,2,5,302
172,PPD LIPIS,CBA3024,SEKOLAH KEBANGSAAN KECHOR TUI,48,72,,,,,3,1,124
173,PPD LIPIS,CBA3025,SEKOLAH KEBANGSAAN GUA,69,73,,,,,1,,143
174,PPD LIPIS,CBA3026,SEKOLAH KEBANGSAAN KUALA LANAR,55,37,,1,,,,,93
175,PPD LIPIS,CBA3028,SEKOLAH KEBANGSAAN JERAM BUNGOR,11,18,,,,,,1,30
176,PPD LIPIS,CBA3029,SEKOLAH KEBANGSAAN JERAM LANDAK,16,18,,,,,,,34
177,PPD LIPIS,CBA3030,SEKOLAH KEBANGSAAN KUALA KENONG,6,8,,,,,,,14
178,PPD LIPIS,CBA3032,SEKOLAH KEBANGSAAN KERAMBIT,101,82,,,,,2,1,186
179,PPD LIPIS,CBA3052,SEKOLAH KEBANGSAAN (FELDA) SG KOYAN,303,303,1,2,4,1,5,10,629
180,PPD LIPIS,CBA3053,SEKOLAH KEBANGSAAN CHEGAR PERAH,42,33,,,,,1,1,77
181,PPD LIPIS,CBA3054,SEKOLAH KEBANGSAAN (FELDA) CHEGAR PERAH,90,61,,,,,,,151
182,PPD LIPIS,CBA3055,SEKOLAH KEBANGSAAN BATU 13,20,20,,,,,,1,41
183,PPD LIPIS,CBA3056,SEKOLAH KEBANGSAAN KUALA KOYAN (JHEOA),59,69,,,,,,,128
184,PPD LIPIS,CBA3057,SEKOLAH KEBANGSAAN TITOM (JHEOA),87,67,,,,,,,154
185,PPD LIPIS,CBA3058,SEKOLAH KEBANGSAAN LENJANG(JHEOA),189,196,,,,,,,385
186,PPD LIPIS,CBA3059,SEKOLAH KEBANGSAAN RPS BETAU (JHEOA),272,277,,,,,,,549
187,PPD LIPIS,CBA3060,SEKOLAH KEBANGSAAN SENDERUT(JHEOA),245,198,,1,,,,,444
188,PPD LIPIS,CBA3061,SEKOLAH KEBANGSAAN LANAI (JHEOA),86,103,1,1,,,,,191
189,PPD LIPIS,CBA3062,SEKOLAH KEBANGSAAN BATU 9,8,12,,,,,,,20
190,PPD LIPIS,CBA3063,SEKOLAH KEBANGSAAN TEMPOYANG,88,70,,,,,,,158
191,PPD LIPIS,CBA3064,SEKOLAH KEBANGSAAN TELUK GUNUNG,128,114,,,,,2,4,248
192,PPD LIPIS,CBA3065,SEKOLAH KEBANGSAAN LIMAU PURUT,40,27,,,,,1,1,69
193,PPD LIPIS,CBB3036,SEKOLAH KEBANGSAAN CLIFFORD,234,217,,,7,10,2,3,473
194,PPD LIPIS,CBC3040,SEKOLAH JENIS KEBANGSAAN (CINA) MELA,6,4,6,,,,,,16
195,PPD LIPIS,CBC3041,SEKOLAH JENIS KEBANGSAAN (CINA) CHUNG HWA,29,34,99,80,6,7,1,3,259
196,PPD LIPIS,CBC3042,SEKOLAH JENIS KEBANGSAAN (CINA) PADANG TENGKU,9,8,8,9,3,2,,,39
197,PPD LIPIS,CBC3043,SEKOLAH JENIS KEBANGSAAN (CINA) JERKOH,5,9,39,38,,,3,1,95
198,PPD LIPIS,CBC3044,SEKOLAH JENIS KEBANGSAAN (CINA) PENJOM,3,1,33,24,,,,1,62
199,PPD LIPIS,CBC3045,SEKOLAH JENIS KEBANGSAAN (CINA) BENTA,7,5,35,38,3,6,,,94
200,PPD LIPIS,CBD3047,SEKOLAH JENIS KEBANGSAAN (TAMIL) KUALA LIPIS,,,,,24,32,,,56
201,PPD LIPIS,CBD3048,SEKOLAH JENIS KEBANGSAAN (TAMIL) LADANG BUDU,,,,,6,5,,,11
202,PPD LIPIS,CBD3049,SEKOLAH JENIS KEBANGSAAN (TAMIL) LADANG BENTA,,,,,36,22,,,58
203,PPD LIPIS,CBD3050,SEKOLAH JENIS KEBANGSAAN (TAMIL) LADANG SELBORNE,,,,,18,17,,,35
204,PPD LIPIS,CEA3034,SEKOLAH MENENGAH KEBANGSAAN ORANG KAYA HAJI,264,202,,,,1,4,4,475
205,PPD LIPIS,CEA3035,SEKOLAH MENENGAH KEBANGSAAN PADANG TENGKU,302,289,,,7,12,9,6,625
206,PPD LIPIS,CEA3036,SEKOLAH MENENGAH KEBANGSAAN BENTA,74,68,64,49,32,22,1,4,314
207,PPD LIPIS,CEA3055,SEKOLAH MENENGAH KEBANGSAAN (FELDA) SG KOYAN,339,390,1,,3,3,11,7,754
208,PPD LIPIS,CEA3056,SEKOLAH MENENGAH KEBANGSAAN MERAPOH,207,204,,1,,,2,3,417
209,PPD LIPIS,CEA3057,SEKOLAH MENENGAH KEBANGSAAN SERI LIPIS,117,211,,,,2,2,1,333
210,PPD LIPIS,CEA3058,SEKOLAH MENENGAH KEBANGSAAN KERAMBIT,129,112,,,,,3,2,246
211,PPD LIPIS,CEA3059,SEKOLAH MENENGAH KEBANGSAAN KUALA LANAR,218,289,2,,,,2,,511
212,PPD LIPIS,CEB3038,SEKOLAH MENENGAH KEBANGSAAN SETIA WANGSA,145,143,4,17,19,11,1,3,343
213,PPD LIPIS,CEB3039,SEKOLAH MENENGAH KEBANGSAAN CHUNG HWA,17,13,113,99,19,14,3,1,279
214,PPD LIPIS,CEE3033,SEKOLAH MENENGAH KEBANGSAAN PANGLIMA GARANG ABDUL SAMAD,127,111,,,1,,2,7,248
215,PPD LIPIS,CEE3037,SEKOLAH MENENGAH KEBANGSAAN CLIFFORD,260,329,7,19,12,23,1,5,656
216,PPD LIPIS,CFT3001,SMA AL-ITTIHADIAH,62,61,,,,,,,123
217,PPD LIPIS,CHA3002,KOLEJ VOKASIONAL SULTAN HAJI AHMAD SHAH AL-MUSTAIN BILLAH,430,89,1,,4,1,8,2,535
218,PPD LIPIS,CRA3001,SEKOLAH MENENGAH KEBANGSAAN AGAMA KUALA LIPIS,138,160,,,,,1,,299
219,PPD KUANTAN,CBA4001,SEKOLAH KEBANGSAAN TERUNTUM,566,341,,1,5,6,5,5,929
220,PPD KUANTAN,CBA4002,SEKOLAH KEBANGSAAN GALING,157,105,4,2,36,5,7,4,320
221,PPD KUANTAN,CBA4003,SEKOLAH KEBANGSAAN BESERAH,454,402,,,,,5,3,864
222,PPD KUANTAN,CBA4004,SEKOLAH KEBANGSAAN SUNGAI KARANG,823,767,,,2,3,10,11,1616
223,PPD KUANTAN,CBA4005,SEKOLAH KEBANGSAAN SUNGAI ULAR,291,284,,,,,2,2,579
224,PPD KUANTAN,CBA4006,SEKOLAH KEBANGSAAN BALOK,616,561,2,1,,1,6,6,1193
225,PPD KUANTAN,CBA4007,SEKOLAH KEBANGSAAN CHERATING,331,334,1,,,,35,26,727
226,PPD KUANTAN,CBA4008,SEKOLAH KEBANGSAAN KAMPONG PADANG,355,323,2,1,9,2,2,2,696
227,PPD KUANTAN,CBA4009,SEKOLAH KEBANGSAAN PANCHING,143,133,2,1,2,,2,1,284
228,PPD KUANTAN,CBA4010,SEKOLAH KEBANGSAAN SUNGAI LEMBING,48,56,,,,,1,,105
229,PPD KUANTAN,CBA4011,SEKOLAH KEBANGSAAN BATU TIGA,162,157,1,1,,,3,,324
230,PPD KUANTAN,CBA4012,SEKOLAH KEBANGSAAN PERMATANG BADAK,314,289,,,1,2,5,3,614
231,PPD KUANTAN,CBA4013,SEKOLAH KEBANGSAAN FAKEH ABD. SAMAD,559,472,1,2,4,4,17,25,1084
232,PPD KUANTAN,CBA4014,SEKOLAH KEBANGSAAN TANJUNG LUMPUR,253,234,,1,,,1,4,493
233,PPD KUANTAN,CBA4015,SEKOLAH KEBANGSAAN KEMPADANG,652,545,1,1,1,1,6,5,1212
234,PPD KUANTAN,CBA4016,SEKOLAH KEBANGSAAN KUALA PENOR,106,100,,1,,,3,3,213
235,PPD KUANTAN,CBA4017,SEKOLAH KEBANGSAAN CHEROK PALOH,62,66,,,,,,,128
236,PPD KUANTAN,CBA4019,SEKOLAH KEBANGSAAN JAYA GADING,589,533,,,3,1,19,12,1157
237,PPD KUANTAN,CBA4020,SEKOLAH KEBANGSAAN NADAK,71,60,,,,,,,131
238,PPD KUANTAN,CBA4021,SEKOLAH KEBANGSAAN (LKTP) BUKIT GOH,405,389,,,,,2,2,798
239,PPD KUANTAN,CBA4022,SEKOLAH KEBANGSAAN (LKTP) BUKIT SAGU 1,152,127,,,,,,1,280
240,PPD KUANTAN,CBA4023,SEKOLAH KEBANGSAAN (FELDA) LEPAR HILIR 2,117,104,1,,6,4,2,,234
241,PPD KUANTAN,CBA4065,SEKOLAH KEBANGSAAN (FELDA) SUNGAI PANCHING UTARA,112,125,,,,3,1,1,242
242,PPD KUANTAN,CBA4066,SEKOLAH KEBANGSAAN (FELDA) SG PANCHING SELATAN,103,99,,,,,,,202
243,PPD KUANTAN,CBA4067,SEKOLAH KEBANGSAAN JABOR,53,39,,,,1,1,1,95
244,PPD KUANTAN,CBA4072,SEKOLAH KEBANGSAAN (FELDA) BT KUANTAN,140,120,,,,,,,260
245,PPD KUANTAN,CBA4075,SEKOLAH KEBANGSAAN (FELDA) SG PANCHING TIMUR,162,165,,,,,,3,330
246,PPD KUANTAN,CBA4076,SEKOLAH KEBANGSAAN BUKIT SEKILAU,343,277,6,3,5,4,6,4,648
247,PPD KUANTAN,CBA4077,SEKOLAH KEBANGSAAN BUKIT KUIN,71,76,,,1,,,,148
248,PPD KUANTAN,CBA4078,SEKOLAH KEBANGSAAN (LKTP) LEPAR HILIR 1,293,275,,,,3,2,3,576
249,PPD KUANTAN,CBA4079,SEKOLAH KEBANGSAAN TANAH PUTIH BARU,223,177,,,2,5,1,2,410
250,PPD KUANTAN,CBA4080,SEKOLAH KEBANGSAAN (FELDA) LEPAR HILIR 3,105,100,,,2,3,1,2,213
251,PPD KUANTAN,CBA4081,SEKOLAH KEBANGSAAN GAMBANG,247,211,2,1,2,1,7,2,473
252,PPD KUANTAN,CBA4082,SEKOLAH KEBANGSAAN PENDIDIKAN KHAS KUANTAN,26,19,1,1,,1,1,,49
253,PPD KUANTAN,CBA4083,SEKOLAH KEBANGSAAN (FELDA) BUKIT SAGU 2,83,99,,,1,1,,,184
254,PPD KUANTAN,CBA4084,SEKOLAH KEBANGSAAN CENDERAWASIH,447,404,1,2,20,19,5,4,902
255,PPD KUANTAN,CBA4085,SEKOLAH KEBANGSAAN INDERA MAHKOTA,310,249,,,3,3,3,3,571
256,PPD KUANTAN,CBA4086,SEKOLAH KEBANGSAAN SEMAMBU,238,213,3,,12,4,6,,476
257,PPD KUANTAN,CBA4087,SEKOLAH KEBANGSAAN SG. MAS (JHEOA),33,35,,,,,1,,69
258,PPD KUANTAN,CBA4088,SEKOLAH KEBANGSAAN BALOK BARU,352,325,1,,4,2,6,12,702
259,PPD KUANTAN,CBA4089,SEKOLAH KEBANGSAAN SUNGAI ISAP,540,493,1,1,1,1,7,2,1046
260,PPD KUANTAN,CBA4090,SEKOLAH KEBANGSAAN WIRA,528,532,2,1,9,7,3,4,1086
261,PPD KUANTAN,CBA4091,SEKOLAH KEBANGSAAN PANDAN,583,505,1,,11,9,17,26,1152
262,PPD KUANTAN,CBA4092,SEKOLAH KEBANGSAAN TOK SERA,481,243,1,2,8,5,6,,746
263,PPD KUANTAN,CBA4093,SEKOLAH KEBANGSAAN BUKIT RANGIN,268,246,,,,,4,3,521
264,PPD KUANTAN,CBA4094,SEKOLAH KEBANGSAAN INDERA MAHKOTA UTAMA,466,379,3,6,7,3,4,3,871
265,PPD KUANTAN,CBA4095,SEKOLAH KEBANGSAAN SERI MAHKOTA,208,189,1,1,16,6,4,3,428
266,PPD KUANTAN,CBA4096,SEKOLAH KEBANGSAAN SUNGAI TALAM,500,418,1,,2,3,3,1,928
267,PPD KUANTAN,CBA4097,SEKOLAH KEBANGSAAN AIR PUTIH,187,163,4,2,11,3,2,,372
268,PPD KUANTAN,CBA4098,SEKOLAH KEBANGSAAN PELABUHAN,403,399,,1,1,,5,7,816
269,PPD KUANTAN,CBA4099,SEKOLAH KEBANGSAAN MAT KILAU,377,421,,,,1,2,2,803
270,PPD KUANTAN,CBA4100,SEKOLAH KEBANGSAAN RTP BUKIT GOH,371,335,,4,2,2,2,4,720
271,PPD KUANTAN,CBA4101,SEKOLAH KEBANGSAAN BALOK MAKMUR,289,266,,,,,2,5,562
272,PPD KUANTAN,CBA4102,SEKOLAH KEBANGSAAN BUKIT SETONGKOL,307,263,3,1,22,4,9,5,614
273,PPD KUANTAN,CBA4103,SEKOLAH KEBANGSAAN SUNGAI BAGING,107,113,,,,,5,3,228
274,PPD KUANTAN,CBA4104,SEKOLAH KEBANGSAAN SUNGAI SOI,623,586,2,3,2,4,5,12,1237
275,PPD KUANTAN,CBA4105,SEKOLAH KEBANGSAAN TUNKU AZIZAH,489,425,1,,3,2,1,1,922
276,PPD KUANTAN,CBA4106,SEKOLAH KEBANGSAAN BUNUT RENDANG,431,413,1,2,2,4,4,5,862
277,PPD KUANTAN,CBA4107,SEKOLAH KEBANGSAAN PELINDUNG,426,378,,1,1,,2,2,810
278,PPD KUANTAN,CBA4108,SEKOLAH KEBANGSAAN KAMPUNG BELUKAR,308,311,,,,,6,6,631
279,PPD KUANTAN,CBA4109,SEKOLAH KEBANGSAAN SUNGAI ISAP MURNI,312,312,,,,,5,1,630
280,PPD KUANTAN,CBA4110,SEKOLAH KEBANGSAAN PADANG GARUDA,304,291,,2,2,2,7,11,619
281,PPD KUANTAN,CBA4112,SEKOLAH KEBANGSAAN PAYA BUNGOR,119,125,1,1,,,1,1,248
282,PPD KUANTAN,CBA4113,SEKOLAH KEBANGSAAN SERI MELATI,409,346,1,1,3,3,2,2,767
283,PPD KUANTAN,CBB4026,SEKOLAH KEBANGSAAN SULTAN ABDULLAH,287,269,1,1,14,14,8,5,599
284,PPD KUANTAN,CBB4027,SEKOLAH KEBANGSAAN ST THOMAS,302,,15,,69,,10,,396
285,PPD KUANTAN,CBB4028,SEKOLAH KEBANGSAAN PEREMPUAN METHODIST,,647,,16,,87,,6,756
286,PPD KUANTAN,CBB4029,SEKOLAH KEBANGSAAN ASSUNTA CONVENT,,454,,13,,41,,4,512
287,PPD KUANTAN,CBB4030,SEKOLAH KEBANGSAAN PENGKALAN TENTERA,489,445,1,2,2,3,1,2,945
288,PPD KUANTAN,CBC4040,SEKOLAH JENIS KEBANGSAAN (CINA) SEMAMBU,27,35,169,123,7,6,4,,371
289,PPD KUANTAN,CBC4041,SEKOLAH JENIS KEBANGSAAN (CINA) CHUNG CHING,70,78,613,539,13,14,4,9,1340
290,PPD KUANTAN,CBC4042,SEKOLAH JENIS KEBANGSAAN (CINA) KUANG HWA,74,88,300,341,9,4,5,4,825
291,PPD KUANTAN,CBC4043,SEKOLAH JENIS KEBANGSAAN (CINA) PEI CHAI,22,20,696,676,5,13,2,6,1440
292,PPD KUANTAN,CBC4044,SEKOLAH JENIS KEBANGSAAN (CINA) GAMBANG,13,29,42,46,2,2,2,1,137
293,PPD KUANTAN,CBC4045,SEKOLAH JENIS KEBANGSAAN (CINA) YOKE SHIAN,69,58,60,51,3,2,5,6,254
294,PPD KUANTAN,CBC4046,SEKOLAH JENIS KEBANGSAAN (CINA) KONG MIN,56,64,315,308,6,5,3,3,760
295,PPD KUANTAN,CBC4047,SEKOLAH JENIS KEBANGSAAN (CINA) LEMBING,5,12,18,29,,,1,1,66
296,PPD KUANTAN,CBC4048,SEKOLAH JENIS KEBANGSAAN (CINA) PANCHING,14,18,,,,,,1,33
297,PPD KUANTAN,CBC4050,SEKOLAH JENIS KEBANGSAAN (CINA) POOI MING,31,39,56,40,1,,1,,168
298,PPD KUANTAN,CBC4051,SEKOLAH JENIS KEBANGSAAN (CINA) TAMAN TAS,76,88,99,72,3,9,9,4,360
299,PPD KUANTAN,CBD4051,SEKOLAH JENIS KEBANGSAAN (TAMIL) BANDAR INDERA MAHKOTA,,,,1,146,149,,,296
300,PPD KUANTAN,CBD4052,SEKOLAH JENIS KEBANGSAAN (TAMIL) LADANG JERAM,,,,,22,20,,,42
301,PPD KUANTAN,CBD4053,SEKOLAH JENIS KEBANGSAAN (TAMIL) LADANG KUALA REMAN,,,,,17,17,,,34
302,PPD KUANTAN,CEA4022,SEKOLAH MENENGAH KEBANGSAAN ABDUL RAHMAN TALIB,240,481,32,50,22,24,3,5,857
303,PPD KUANTAN,CEA4023,SEKOLAH MENENGAH KEBANGSAAN ALOR AKAR,212,411,15,21,8,22,1,4,694
304,PPD KUANTAN,CEA4024,SEKOLAH MENENGAH KEBANGSAAN BESERAH,672,558,3,1,4,2,5,10,1255
305,PPD KUANTAN,CEA4026,SEKOLAH MENENGAH KEBANGSAAN PAYA BESAR,494,545,1,1,7,1,12,11,1072
306,PPD KUANTAN,CEA4071,SEKOLAH MENENGAH KEBANGSAAN BUKIT GOH,371,336,,,1,1,1,2,712
307,PPD KUANTAN,CEA4073,SEKOLAH MENENGAH KEBANGSAAN SERI PANCHING,236,200,1,,,,3,1,441
308,PPD KUANTAN,CEA4074,SEKOLAH MENENGAH KEBANGSAAN TANJONG LUMPUR,458,513,1,,4,,3,6,985
309,PPD KUANTAN,CEA4075,SEKOLAH MENENGAH KEBANGSAAN TG PANGLIMA PERANG TG MUHAMMAD,601,491,43,21,37,24,8,6,1231
310,PPD KUANTAN,CEA4076,SEKOLAH MENENGAH KEBANGSAAN LEPAR HILIR,204,206,,,1,5,1,,417
311,PPD KUANTAN,CEA4078,SEKOLAH MENENGAH KEBANGSAAN PANDAN,341,339,2,3,9,8,22,24,748
312,PPD KUANTAN,CEA4079,SEKOLAH MENENGAH KEBANGSAAN TOK SERA,227,84,19,4,8,4,3,3,352
313,PPD KUANTAN,CEA4080,SEKOLAH MENENGAH KEBANGSAAN INDERA MAHKOTA 2,327,289,26,17,16,13,9,1,698
314,PPD KUANTAN,CEA4081,SEKOLAH MENENGAH KEBANGSAAN BUKIT RANGIN,432,429,,,2,,2,2,867
315,PPD KUANTAN,CEA4082,SEKOLAH MENENGAH KEBANGSAAN GUDANG RASAU,234,235,48,46,8,15,19,23,628
316,PPD KUANTAN,CEA4083,SEKOLAH MENENGAH KEBANGSAAN PELABUHAN,502,544,,,1,3,15,9,1074
317,PPD KUANTAN,CEA4084,SEKOLAH MENENGAH KEBANGSAAN SEMAMBU,199,160,141,96,35,24,7,3,665
318,PPD KUANTAN,CEA4085,SEKOLAH MENENGAH KEBANGSAAN SERI DAMAI,314,293,3,,1,2,20,16,649
319,PPD KUANTAN,CEA4086,SEKOLAH MENENGAH KEBANGSAAN SULTANAH HAJJAH KALSOM,201,378,,,2,,1,6,588
320,PPD KUANTAN,CEA4087,SEKOLAH MENENGAH KEBANGSAAN SUNGAI ISAP,352,267,,1,1,1,4,4,630
321,PPD KUANTAN,CEA4088,SEKOLAH MENENGAH KEBANGSAAN ASTANA,286,287,2,2,12,19,5,1,614
322,PPD KUANTAN,CEA4089,SEKOLAH MENENGAH KEBANGSAAN SUNGAI SOI,481,452,2,,1,1,8,7,952
323,PPD KUANTAN,CEA4090,SEKOLAH MENENGAH KEBANGSAAN CENDERAWASIH,498,389,159,181,48,40,9,21,1345
324,PPD KUANTAN,CEA4091,SEKOLAH MENENGAH KEBANGSAAN SUNGAI BAGING,366,345,,,1,1,19,23,755
325,PPD KUANTAN,CEA4092,SEKOLAH MENENGAH KEBANGSAAN MAT KILAU,535,471,2,,4,3,3,7,1025
326,PPD KUANTAN,CEA4093,SEKOLAH MENENGAH KEBANGSAAN TELUK CHEMPEDAK,173,85,52,42,10,7,,1,370
327,PPD KUANTAN,CEA4094,SEKOLAH MENENGAH KEBANGSAAN PELINDUNG,368,328,,,,,6,3,705
328,PPD KUANTAN,CEA4095,SEKOLAH MENENGAH KEBANGSAAN GAMBANG,101,98,2,1,3,4,13,5,227
329,PPD KUANTAN,CEA4096,SEKOLAH MENENGAH KEBANGSAAN PADANG GARUDA,158,137,,,,,8,8,311
330,PPD KUANTAN,CEA4097,SEKOLAH MENENGAH KEBANGSAAN BUKIT SAGU,158,145,,,,,2,4,309
331,PPD KUANTAN,CEA4098,SEKOLAH MENENGAH KEBANGSAAN SUNGAI ISAP MURNI,262,281,,1,,,5,1,550
332,PPD KUANTAN,CEA4099,SEKOLAH SUKAN MALAYSIA PAHANG,223,59,31,21,13,5,8,3,363
333,PPD KUANTAN,CEB4032,SEKOLAH MENENGAH KEBANGSAAN SULTAN ABU BAKAR,259,402,105,129,40,54,4,8,1001
334,PPD KUANTAN,CEB4033,SEKOLAH MENENGAH KEBANGSAAN ST THOMAS,158,,30,,43,,7,,238
335,PPD KUANTAN,CEB4034,SEKOLAH MENENGAH KEBANGSAAN (P) METHODIST,,449,,41,,63,,18,571
336,PPD KUANTAN,CEB4035,SEKOLAH MENENGAH KEBANGSAAN AIR PUTIH,122,102,765,751,81,70,8,5,1904
337,PPD KUANTAN,CEB4036,SEKOLAH MENENGAH KEBANGSAAN TANAH PUTEH,194,172,682,624,65,53,18,17,1825
338,PPD KUANTAN,CEB4040,SEKOLAH MENENGAH KEBANGSAAN SERI MAHKOTA,565,547,24,15,9,18,10,11,1199
339,PPD KUANTAN,CEB4069,SEKOLAH MENENGAH KEBANGSAAN TENGKU AFZAN,,464,,28,,26,,7,525
340,PPD KUANTAN,CEE4039,SEKOLAH MENENGAH KEBANGSAAN SUNGAI LEMBING,193,171,21,13,13,17,1,8,437
341,PPD KUANTAN,CEE4070,SEKOLAH MENENGAH SAINS SULTAN HAJI AHMAD SHAH,298,312,,1,1,,1,1,614
342,PPD KUANTAN,CFT4001,SEKOLAH MENENGAH AGAMA AL MAARIF,178,200,,,,,2,1,381
343,PPD KUANTAN,CFT4002,MAAHAD TAHFIZ DARUL ULUM AL-BASRIYAH,114,19,,,1,,1,1,136
344,PPD KUANTAN,CHA4001,KOLEJ VOKASIONAL KUANTAN,607,235,4,,1,,10,4,861
345,PPD KUANTAN,CHA4002,SEKOLAH MENENGAH PENDIDIKAN KHAS VOKASIONAL KUANTAN,134,93,4,2,1,1,2,3,240
346,PPD KUANTAN,CKE4037,SEKOLAH MENENGAH TEKNIK KUANTAN,266,187,1,1,1,,1,2,459
347,PPD KUANTAN,CRA4001,SEKOLAH BERASRAMA PENUH INTEGRASI KUANTAN,227,248,,,,,3,,478
348,PPD PEKAN,CBA4018,SEKOLAH KEBANGSAAN UBAI,83,66,,,,,1,,150
349,PPD PEKAN,CBA5010,SEKOLAH KEBANGSAAN BELIMBING,12,10,,,,,,,22
350,PPD PEKAN,CBA5011,SEKOLAH KEBANGSAAN SERI TERENTANG,190,209,,,1,,3,4,407
351,PPD PEKAN,CBA5012,SEKOLAH KEBANGSAAN NENASI,164,159,1,,,,,,324
352,PPD PEKAN,CBA5013,SEKOLAH KEBANGSAAN TANJUNG BATU,180,177,,,,,,3,360
353,PPD PEKAN,CBA5014,SEKOLAH KEBANGSAAN SRI MAULANA,180,179,,,,,3,2,364
354,PPD PEKAN,CBA5015,SEKOLAH KEBANGSAAN SINAR MUTIARA,199,196,2,1,,,1,,399
355,PPD PEKAN,CBA5016,SEKOLAH KEBANGSAAN INDERA SHAHBANDAR,300,311,,,,1,,3,615
356,PPD PEKAN,CBA5017,SEKOLAH KEBANGSAAN (FELDA) CHINI TIMUR 1,134,152,5,5,,,1,2,299
357,PPD PEKAN,CBA5018,SEKOLAH KEBANGSAAN LANGGAR,65,72,,,,,,2,139
358,PPD PEKAN,CBA5019,SEKOLAH KEBANGSAAN PAHANG TUA,55,55,,,,,2,1,113
359,PPD PEKAN,CBA5020,SEKOLAH KEBANGSAAN PULAU RUSA,34,19,,,,,,,53
360,PPD PEKAN,CBA5021,SEKOLAH KEBANGSAAN GANCHONG,55,49,,,,,,,104
361,PPD PEKAN,CBA5022,SEKOLAH KEBANGSAAN PULAU MANIS,25,31,3,1,,,1,,61
362,PPD PEKAN,CBA5023,SEKOLAH KEBANGSAAN PERMATANG KELEDANG,59,58,,,,,,3,120
363,PPD PEKAN,CBA5024,SEKOLAH KEBANGSAAN SERI BIRAM,403,343,1,,8,9,19,22,805
364,PPD PEKAN,CBA5025,SEKOLAH KEBANGSAAN PASIR PANJANG,68,69,,,,,6,7,150
365,PPD PEKAN,CBA5026,SEKOLAH KEBANGSAAN TANJUNG AGAS,92,87,,,,,52,56,287
366,PPD PEKAN,CBA5027,SEKOLAH KEBANGSAAN TANJUNG MEDANG,40,29,,,,,41,40,150
367,PPD PEKAN,CBA5028,SEKOLAH KEBANGSAAN KG ACHEH,25,19,,,,,4,4,52
368,PPD PEKAN,CBA5029,SEKOLAH KEBANGSAAN TEMAI,72,52,2,1,,,,,127
369,PPD PEKAN,CBA5030,SEKOLAH KEBANGSAAN PADANG RUMBIA,34,29,,,,,,1,64
370,PPD PEKAN,CBA5031,SEKOLAH KEBANGSAAN SERAMBI,36,22,,,,,,,58
371,PPD PEKAN,CBA5032,SEKOLAH KEBANGSAAN PALOH HINAI,142,124,,,,,3,6,275
372,PPD PEKAN,CBA5033,SEKOLAH KEBANGSAAN PELAK,31,38,,,,,2,,71
373,PPD PEKAN,CBA5034,SEKOLAH KEBANGSAAN MAMBANG,120,132,2,2,1,,4,3,264
374,PPD PEKAN,CBA5035,SEKOLAH KEBANGSAAN KINCHIR,45,32,,1,,,2,2,82
375,PPD PEKAN,CBA5036,SEKOLAH KEBANGSAAN TANAH PUTEH,159,136,,,,,1,2,298
376,PPD PEKAN,CBA5037,SEKOLAH KEBANGSAAN SERANDU,111,106,,,,,,,217
377,PPD PEKAN,CBA5044,SEKOLAH KEBANGSAAN MERCHONG JAYA,365,296,1,2,1,,4,3,672
378,PPD PEKAN,CBA5072,SEKOLAH KEBANGSAAN SERI MAKMUR,84,77,,1,,,4,1,167
379,PPD PEKAN,CBA5074,SEKOLAH KEBANGSAAN LEPAR,175,183,1,1,1,,3,6,370
380,PPD PEKAN,CBA5078,SEKOLAH KEBANGSAAN (FELDA) CHINI 1 & 4,294,288,,,1,,2,1,586
381,PPD PEKAN,CBA5079,SEKOLAH KEBANGSAAN KOTA PERDANA,88,99,1,2,3,1,,2,196
382,PPD PEKAN,CBA5080,SEKOLAH KEBANGSAAN (FELDA) CHINI 2,180,152,,,1,1,1,1,336
383,PPD PEKAN,CBA5081,SEKOLAH KEBANGSAAN (FELDA) CHINI 3 & 5,227,174,,,,,,,401
384,PPD PEKAN,CBA5082,SEKOLAH KEBANGSAAN RUNCHANG,142,140,3,3,,,,,288
385,PPD PEKAN,CBA5084,SEKOLAH KEBANGSAAN PERAMU JAYA,385,327,,1,,,2,7,722
386,PPD PEKAN,CBA5085,SEKOLAH KEBANGSAAN (LKTP) CHINI TIMUR 2,147,149,,,,,3,1,300
387,PPD PEKAN,CBA5086,SEKOLAH KEBANGSAAN TASIK CINI PEKAN (JHEOA),40,50,,1,,,2,1,94
388,PPD PEKAN,CBA5087,SEKOLAH KEBANGSAAN BANDAR 2,163,183,,1,5,5,2,2,361
389,PPD PEKAN,CBA5088,SEKOLAH KEBANGSAAN PEKAN JAYA,199,221,,,,,,,420
390,PPD PEKAN,CBA5089,SEKOLAH KEBANGSAAN PULAU SERAI,125,135,,,,,,,260
391,PPD PEKAN,CBA5090,SEKOLAH KEBANGSAAN SIMPAI,76,79,1,,,,,,156
392,PPD PEKAN,CBB5061,SEKOLAH KEBANGSAAN AHMAD,295,260,,,2,2,4,9,572
393,PPD PEKAN,CBC5064,SEKOLAH JENIS KEBANGSAAN (CINA) PEKAN,56,98,21,33,,2,9,9,228
394,PPD PEKAN,CBC5065,SEKOLAH JENIS KEBANGSAAN (CINA) KEE WHA,53,44,1,4,,,,1,103
395,PPD PEKAN,CBC5066,SEKOLAH JENIS KEBANGSAAN (CINA) YOKE HWA,21,15,2,,,,,,38
396,PPD PEKAN,CEA5053,SEKOLAH MENENGAH KEBANGSAAN DATO' MAHMUD MAT,450,376,1,2,,,1,2,832
397,PPD PEKAN,CEA5054,SEKOLAH MENENGAH KEBANGSAAN TENGKU ABDULLAH,432,475,16,27,9,3,33,56,1051
398,PPD PEKAN,CEA5056,SEKOLAH MENENGAH KEBANGSAAN PALOH HINAI,280,284,11,5,,,8,5,593
399,PPD PEKAN,CEA5061,SEKOLAH MENENGAH KEBANGSAAN (LKTP) CHINI,186,252,,,2,,5,3,448
400,PPD PEKAN,CEA5071,SEKOLAH MENENGAH KEBANGSAAN NENASI,342,314,1,3,,,6,,666
401,PPD PEKAN,CEA5072,SEKOLAH SULTAN HAJI AHMAD SHAH,298,249,,,2,,,1,550
402,PPD PEKAN,CEA5073,SEKOLAH MENENGAH KEBANGSAAN CHINI TIMUR,155,179,1,2,,,1,1,339
403,PPD PEKAN,CEA5074,SEKOLAH MENENGAH KEBANGSAAN SERI PEKAN,175,266,,,,,2,1,444
404,PPD PEKAN,CEA5075,SEKOLAH MENENGAH KEBANGSAAN INDERA SHAHBANDAR,234,217,,,1,,2,4,458
405,PPD PEKAN,CEA5076,SEKOLAH MENENGAH KEBANGSAAN PEKAN,272,242,,2,1,3,26,47,593
406,PPD PEKAN,CEA5077,SEKOLAH MENENGAH KEBANGSAAN UBAI,148,141,,1,,,3,1,294
407,PPD PEKAN,CEA5078,SEKOLAH MENENGAH KEBANGSAAN LEPAR,213,273,2,,,,,8,496
408,PPD PEKAN,CEA5079,SEKOLAH MENENGAH KEBANGSAAN PERAMU JAYA,303,246,,,1,,6,3,559
409,PPD PEKAN,CEA5080,SEKOLAH MENENGAH KEBANGSAAN CHINI 2,208,165,,,,,2,,375
410,PPD PEKAN,CEE5062,SEKOLAH MENENGAH KEBANGSAAN AHMAD,251,375,4,2,3,2,8,7,652
411,PPD PEKAN,CRA5001,SEKOLAH BERASRAMA PENUH INTEGRASI TUN ABDUL RAZAK,196,244,,,,,,1,441
412,PPD RAUB,CBA6001,SEKOLAH KEBANGSAAN BANDAR RAUB,144,145,1,,9,14,1,2,316
413,PPD RAUB,CBA6002,SEKOLAH KEBANGSAAN ULU GALI,172,165,,,4,3,4,2,350
414,PPD RAUB,CBA6003,SEKOLAH KEBANGSAAN GALI,52,70,1,,,,3,2,128
415,PPD RAUB,CBA6005,SEKOLAH KEBANGSAAN TANJUNG PUTUS,69,57,,,,,2,2,130
416,PPD RAUB,CBA6006,SEKOLAH KEBANGSAAN PAMAH KULAT,79,85,,,1,,2,1,168
417,PPD RAUB,CBA6007,SEKOLAH KEBANGSAAN ULU DONG,36,30,,,,,1,1,68
418,PPD RAUB,CBA6008,SEKOLAH KEBANGSAAN MUHAMMAD JABAR,152,120,,,,1,5,2,280
419,PPD RAUB,CBA6009,SEKOLAH KEBANGSAAN TEMAU,15,20,,,,,1,,36
420,PPD RAUB,CBA6010,SEKOLAH KEBANGSAAN KUALA DONG,35,25,,,,,,,60
421,PPD RAUB,CBA6011,SEKOLAH KEBANGSAAN TANJUNG RAJA,17,19,,,,,,,36
422,PPD RAUB,CBA6012,SEKOLAH KEBANGSAAN CHENUA,48,33,,,,,2,,83
423,PPD RAUB,CBA6013,SEKOLAH KEBANGSAAN SEGA,59,39,,,,,,1,99
424,PPD RAUB,CBA6014,SEKOLAH KEBANGSAAN KUALA ATOK,49,48,,,,,,,97
425,PPD RAUB,CBA6015,SEKOLAH KEBANGSAAN ULU ATOK,42,36,,,,,,,78
426,PPD RAUB,CBA6016,SEKOLAH KEBANGSAAN SEMANTAN ULU,9,3,,,,,1,,13
427,PPD RAUB,CBA6017,SEKOLAH KEBANGSAAN KUNDANG PATAH,33,37,,,,,,1,71
428,PPD RAUB,CBA6018,SEKOLAH KEBANGSAAN BATU TALAM,96,88,,,6,4,,1,195
429,PPD RAUB,CBA6019,SEKOLAH KEBANGSAAN TERSANG,31,27,,,,,,2,60
430,PPD RAUB,CBA6020,SEKOLAH KEBANGSAAN ULU SUNGAI,55,45,,,,,1,1,102
431,PPD RAUB,CBA6021,SEKOLAH KEBANGSAAN (FELDA) LEMBAH KLAU,119,114,1,,2,,1,4,241
432,PPD RAUB,CBA6022,SEKOLAH KEBANGSAAN LKTP TERSANG SATU,146,146,,,2,,,1,295
433,PPD RAUB,CBA6023,SEKOLAH KEBANGSAAN (FELDA) KRAU 1,36,43,,,3,,,,82
434,PPD RAUB,CBA6024,SEKOLAH KEBANGSAAN (FELDA) TERSANG 3,148,134,1,,,,1,2,286
435,PPD RAUB,CBA6025,SEKOLAH KEBANGSAAN BUKIT FRASER,13,21,,,,2,2,1,39
436,PPD RAUB,CBA6026,SEKOLAH KEBANGSAAN SATAK,94,119,,,,,,,213
437,PPD RAUB,CBA6027,SEKOLAH KEBANGSAAN RAUB INDAH,63,60,1,2,1,5,,,132
438,PPD RAUB,CBA6028,SEKOLAH KEBANGSAAN RAUB JAYA,153,166,,,6,4,6,3,338
439,PPD RAUB,CBB6024,SEKOLAH KEBANGSAAN MAHMUD,376,5,7,6,26,,7,,427
440,PPD RAUB,CBB6025,SEKOLAH KEBANGSAAN PEREMPUAN METHODIST,,314,,5,,28,,2,349
441,PPD RAUB,CBC6031,SEKOLAH JENIS KEBANGSAAN (CINA) CHUNG CHING,13,18,134,153,11,3,1,2,335
442,PPD RAUB,CBC6032,SEKOLAH JENIS KEBANGSAAN (CINA) SEMPALIT,,,178,198,4,4,2,,386
443,PPD RAUB,CBC6033,SEKOLAH JENIS KEBANGSAAN (CINA) SUNGAI RUAN,2,1,164,152,1,,,3,323
444,PPD RAUB,CBC6034,SEKOLAH JENIS KEBANGSAAN (CINA) YUH HWA,1,2,51,58,3,3,2,1,121
445,PPD RAUB,CBC6035,SEKOLAH JENIS KEBANGSAAN (CINA) SG LUI,8,10,112,88,6,6,1,2,233
446,PPD RAUB,CBC6036,SEKOLAH JENIS KEBANGSAAN (CINA) CHEROH,8,13,37,48,3,,,2,111
447,PPD RAUB,CBC6037,SEKOLAH JENIS KEBANGSAAN (CINA) TRAS,3,1,39,49,2,3,,1,98
448,PPD RAUB,CBC6038,SEKOLAH JENIS KEBANGSAAN (CINA) SG CHETANG,,,15,26,4,1,,,46
449,PPD RAUB,CBC6039,SEKOLAH JENIS KEBANGSAAN (CINA) SANG LEE,30,23,15,12,,,,,80
450,PPD RAUB,CBC6040,SEKOLAH JENIS KEBANGSAAN (CINA) SG KLAU,1,6,74,71,,,1,1,154
451,PPD RAUB,CBD6041,SEKOLAH JENIS KEBANGSAAN (TAMIL) RAUB,,,,,89,87,,,176
452,PPD RAUB,CBD6042,SEKOLAH JENIS KEBANGSAAN (TAMIL) LADANG CHEROH,,,,,22,22,,,44
453,PPD RAUB,CBD6043,SEKOLAH JENIS KEBANGSAAN (TAMIL) BUKIT FRASER,2,,,,,1,,,3
454,PPD RAUB,CBD6044,SEKOLAH JENIS KEBANGSAAN (TAMIL) LADANG GALI,,,,1,7,6,,,14
455,PPD RAUB,CEA6021,SEKOLAH MENENGAH SAINS TENGKU ABDULLAH,308,218,1,,,1,1,,529
456,PPD RAUB,CEA6022,SEKOLAH MENENGAH KEBANGSAAN TENGKU KUDIN,304,276,7,3,69,50,8,4,721
457,PPD RAUB,CEA6023,SEKOLAH MENENGAH KEBANGSAAN DONG,287,315,,,1,,8,10,621
458,PPD RAUB,CEA6024,SEKOLAH MENENGAH KEBANGSAAN LKTP TERSANG,150,183,1,,1,,1,5,341
459,PPD RAUB,CEA6025,SEKOLAH MENENGAH KEBANGSAAN SERI RAUB,172,260,14,35,14,13,3,8,519
460,PPD RAUB,CEA6026,SEKOLAH MENENGAH KEBANGSAAN GALI,91,90,1,,6,7,2,,197
461,PPD RAUB,CEA6027,SEKOLAH MENENGAH KEBANGSAAN SEGA,51,49,,,,,3,,103
462,PPD RAUB,CEB6026,SEKOLAH MENENGAH KEBANGSAAN MAHMUD,215,201,58,114,34,51,9,10,692
463,PPD RAUB,CEB6027,SEKOLAH MENENGAH KEBANGSAAN DATO SHAHBANDAR HUSSAIN,54,50,109,80,42,38,1,2,376
464,PPD RAUB,CEB6028,SEKOLAH MENENGAH KEBANGSAAN (P) METHODIST,,98,,42,,31,,2,173
465,PPD RAUB,CEB6029,SEKOLAH MENENGAH KEBANGSAAN CHUNG CHING,12,9,469,381,7,11,2,,891
466,PPD RAUB,CEB6030,SEKOLAH MENENGAH KEBANGSAAN SUNGAI RUAN,54,33,227,180,4,3,1,1,503
467,PPD TEMERLOH,CBA7008,SEKOLAH KEBANGSAAN BATU KAPOR,315,284,,,18,7,24,20,668
468,PPD TEMERLOH,CBA7010,SEKOLAH KEBANGSAAN RANTAU PANJANG,74,85,,,2,,,,161
469,PPD TEMERLOH,CBA7011,SEKOLAH KEBANGSAAN LUBOK TERUA,83,111,1,,1,,1,1,198
470,PPD TEMERLOH,CBA7012,SEKOLAH KEBANGSAAN BOLOK,86,100,,,,,,,186
471,PPD TEMERLOH,CBA7013,SEKOLAH KEBANGSAAN KUALA KAUNG,39,37,,,,,1,4,81
472,PPD TEMERLOH,CBA7014,SEKOLAH KEBANGSAAN PAYA ARA,90,102,,,1,,3,2,198
473,PPD TEMERLOH,CBA7015,SEKOLAH KEBANGSAAN SANGGANG,35,42,,,,,,1,78
474,PPD TEMERLOH,CBA7016,SEKOLAH KEBANGSAAN SANGGANG SEBERANG,40,44,,,,,,,84
475,PPD TEMERLOH,CBA7017,SEKOLAH KEBANGSAAN BINTANG,33,33,,,,,,,66
476,PPD TEMERLOH,CBA7018,SEKOLAH KEBANGSAAN TELOK SENTANG,135,107,1,,,,,1,244
477,PPD TEMERLOH,CBA7019,SEKOLAH KEBANGSAAN PAYA TARAM,103,72,,,1,,2,2,180
478,PPD TEMERLOH,CBA7020,SEKOLAH KEBANGSAAN KERDAU,72,78,,,1,,6,7,164
479,PPD TEMERLOH,CBA7021,SEKOLAH KEBANGSAAN LIPAT KAJANG,23,24,,,,,1,,48
480,PPD TEMERLOH,CBA7022,SEKOLAH KEBANGSAAN KUALA TEKAL,34,46,,,,,1,2,83
481,PPD TEMERLOH,CBA7023,SEKOLAH KEBANGSAAN PULAU PASIR MANDI,17,31,,,,,,2,50
482,PPD TEMERLOH,CBA7024,SEKOLAH KEBANGSAAN BATU SAWAR,28,17,,,,,1,,46
483,PPD TEMERLOH,CBA7025,SEKOLAH KEBANGSAAN JENDERAK,70,38,,,,,1,1,110
484,PPD TEMERLOH,CBA7026,SEKOLAH KEBANGSAAN GUNONG SENYUM,80,59,1,,,,1,,141
485,PPD TEMERLOH,CBA7027,SEKOLAH KEBANGSAAN KUALA KRAU,125,117,,,3,1,2,1,249
486,PPD TEMERLOH,CBA7028,SEKOLAH KEBANGSAAN PAYA LUAS,50,47,,,,,,,97
487,PPD TEMERLOH,CBA7029,SEKOLAH KEBANGSAAN KUALA MAI BHARU,153,120,1,,,,3,1,278
488,PPD TEMERLOH,CBA7030,SEKOLAH KEBANGSAAN BANGAU,76,90,,,,,2,5,173
489,PPD TEMERLOH,CBA7031,SEKOLAH KEBANGSAAN BANDAR MENTAKAB,110,91,8,1,5,7,8,10,240
490,PPD TEMERLOH,CBA7032,SEKOLAH KEBANGSAAN BANDAR TEMERLOH,363,341,4,1,,,5,5,719
491,PPD TEMERLOH,CBA7033,SEKOLAH KEBANGSAAN TANJUNG LALANG,259,240,,,,1,5,14,519
492,PPD TEMERLOH,CBA7034,SEKOLAH KEBANGSAAN KAMPUNG TENGAH,126,134,1,,,,5,2,268
493,PPD TEMERLOH,CBA7035,SEKOLAH KEBANGSAAN BELENGU,43,26,,2,1,,,,72
494,PPD TEMERLOH,CBA7037,SEKOLAH KEBANGSAAN LEBAK,60,51,,,,,2,1,114
495,PPD TEMERLOH,CBA7046,SEKOLAH KEBANGSAAN PAYA PULAI,460,476,,,,,6,10,952
496,PPD TEMERLOH,CBA7056,SEKOLAH KEBANGSAAN TELOK IRA,71,58,,,,,,5,134
497,PPD TEMERLOH,CBA7059,SEKOLAH KEBANGSAAN DESA BAKTI,178,158,,1,2,1,1,,341
498,PPD TEMERLOH,CBA7060,SEKOLAH KEBANGSAAN SERI SONGSANG,152,147,,1,,,7,5,312
499,PPD TEMERLOH,CBA7122,SEKOLAH KEBANGSAAN (FELDA) JENDERAK UTARA,117,103,,,,,1,2,223
500,PPD TEMERLOH,CBA7140,SEKOLAH KEBANGSAAN (FELDA) JENDERAK SELATAN,103,107,,,,,,1,211
501,PPD TEMERLOH,CBA7141,SEKOLAH KEBANGSAAN (FELDA) BUKIT DAMAR,87,122,,,1,,2,,212
502,PPD TEMERLOH,CBA7144,SEKOLAH KEBANGSAAN (FELDA) JENGKA 23,101,79,,,,,1,,181
503,PPD TEMERLOH,CBA7151,SEKOLAH KEBANGSAAN PENDERAS(JHEOA),179,167,2,3,,,1,,352
504,PPD TEMERLOH,CBA7152,SEKOLAH KEBANGSAAN SERI TUALANG,135,103,,,1,,3,4,246
505,PPD TEMERLOH,CBA7153,SEKOLAH KEBANGSAAN SUNGAI GAU,189,183,,,7,4,5,6,394
506,PPD TEMERLOH,CBA7154,SEKOLAH KEBANGSAAN TEMERLOH JAYA,356,379,,,6,9,4,5,759
507,PPD TEMERLOH,CBA7155,SEKOLAH KEBANGSAAN MENTAKAB ( CHATIN ),188,189,,,5,1,3,1,387
508,PPD TEMERLOH,CBA7156,SEKOLAH KEBANGSAAN TANJUNG BATU,131,132,1,1,,,,,265
509,PPD TEMERLOH,CBA7157,SEKOLAH KEBANGSAAN BUKIT CERMIN,131,132,,,,,4,5,272
510,PPD TEMERLOH,CBA7158,SEKOLAH KEBANGSAAN LANCHANG,116,92,,2,2,6,,1,219
511,PPD TEMERLOH,CBA7159,SEKOLAH KEBANGSAAN MENTAKAB JAYA,128,115,,,,,6,4,253
512,PPD TEMERLOH,CBA7160,SEKOLAH KEBANGSAAN (FELDA) LAKUM,140,138,1,,5,4,,4,292
513,PPD TEMERLOH,CBAA153,SEKOLAH KEBANGSAAN BATU BOR,22,25,,,,,1,,48
514,PPD TEMERLOH,CBAA154,SEKOLAH KEBANGSAAN GUAI,34,28,,,,,,1,63
515,PPD TEMERLOH,CBAA155,SEKOLAH KEBANGSAAN CHARUK PUTING,105,85,1,,1,1,,1,194
516,PPD TEMERLOH,CBB7066,SEKOLAH KEBANGSAAN JALAN BAHAGIA,336,302,,,17,10,33,18,716
517,PPD TEMERLOH,CBB7067,SEKOLAH KEBANGSAAN ABU BAKAR,237,218,1,2,31,30,18,22,559
518,PPD TEMERLOH,CBC7074,SEKOLAH JENIS KEBANGSAAN (CINA) KHEE CHEE,67,92,205,195,3,4,2,8,576
519,PPD TEMERLOH,CBC7075,SEKOLAH JENIS KEBANGSAAN (CINA) MENTAKAB (1),17,27,358,347,13,10,10,7,789
520,PPD TEMERLOH,CBC7076,SEKOLAH JENIS KEBANGSAAN (CINA) MENTAKAB (2),21,37,248,225,11,8,8,5,563
521,PPD TEMERLOH,CBC7077,SEKOLAH JENIS KEBANGSAAN (CINA) LANCHANG,31,35,8,10,,1,1,4,90
522,PPD TEMERLOH,CBC7078,SEKOLAH JENIS KEBANGSAAN (CINA) YEOW CHENG LUAN,13,11,50,21,10,2,1,,108
523,PPD TEMERLOH,CBC7085,SEKOLAH JENIS KEBANGSAAN (CINA) KERDAU,12,14,12,10,3,2,,,53
524,PPD TEMERLOH,CBC7087,SEKOLAH JENIS KEBANGSAAN (CINA) KUALA KRAU,14,17,23,18,3,1,,1,77
525,PPD TEMERLOH,CBC7088,SEKOLAH JENIS KEBANGSAAN (CINA) SUNGAI KAWANG,4,4,1,2,,,,,11
526,PPD TEMERLOH,CBD7089,SEKOLAH JENIS KEBANGSAAN (TAMIL) MENTAKAB,,,,,192,202,,,394
527,PPD TEMERLOH,CBD7090,SEKOLAH JENIS KEBANGSAAN (TAMIL) LDG EDENSOR,,,,,30,14,,,44
528,PPD TEMERLOH,CBD7091,SEKOLAH JENIS KEBANGSAAN (TAMIL) LDG MENTAKAB,,,,,36,41,,,77
529,PPD TEMERLOH,CBD7092,SEKOLAH JENIS KEBANGSAAN (TAMIL) LDG TEKAL,,,,,30,20,,,50
530,PPD TEMERLOH,CBD7093,SEKOLAH JENIS KEBANGSAAN (TAMIL) LDG BEE YONG,,,,,15,12,,,27
531,PPD TEMERLOH,CBD7094,SEKOLAH JENIS KEBANGSAAN (TAMIL) LDG SEMANTAN,,,,,32,32,,,64
532,PPD TEMERLOH,CBD7095,SEKOLAH JENIS KEBANGSAAN (TAMIL) LDG YEOW CHENG LUAN,,,1,,29,34,,,64
533,PPD TEMERLOH,CBD7096,SEKOLAH JENIS KEBANGSAAN (TAMIL) LDG LANCHANG,,,,,11,12,,,23
534,PPD TEMERLOH,CBD7097,SEKOLAH JENIS KEBANGSAAN (TAMIL) LADANG SUNGAI KAWANG,,,,,18,10,,,28
535,PPD TEMERLOH,CCT7001,SRA ISLAM AT TAKWA,185,131,,,,,17,9,342
536,PPD TEMERLOH,CEA7060,SEKOLAH MENENGAH KEBANGSAAN KERDAU,198,204,10,6,16,9,6,10,459
537,PPD TEMERLOH,CEA7063,SEKOLAH MENENGAH KEBANGSAAN TEMERLOH,355,472,13,23,8,12,32,28,943
538,PPD TEMERLOH,CEA7064,SEKOLAH MENENGAH KEBANGSAAN KUALA KRAU,448,486,23,15,24,18,10,12,1036
539,PPD TEMERLOH,CEA7065,SEKOLAH MENENGAH KEBANGSAAN DATUK BAHAMAN,134,254,,,11,14,2,4,419
540,PPD TEMERLOH,CEA7066,SEKOLAH MENENGAH KEBANGSAAN SERI SEMANTAN,259,230,15,12,93,98,17,17,741
541,PPD TEMERLOH,CEA7067,SEKOLAH MENENGAH KEBANGSAAN SERI TUALANG,200,334,1,1,14,9,4,3,566
542,PPD TEMERLOH,CEA7068,SEKOLAH MENENGAH KEBANGSAAN BUKIT DAMAR,148,163,,,5,1,3,1,321
543,PPD TEMERLOH,CEA7069,SEKOLAH MENENGAH KEBANGSAAN TEMERLOH JAYA,326,300,6,1,22,12,6,7,680
544,PPD TEMERLOH,CEA7070,SEKOLAH MENENGAH KEBANGSAAN PAYA PULAI,223,162,,,4,2,11,1,403
545,PPD TEMERLOH,CEA7071,SEKOLAH MENENGAH KEBANGSAAN TELUK SENTANG,143,182,,1,,,5,2,333
546,PPD TEMERLOH,CEA7072,SEKOLAH MENENGAH KEBANGSAAN BUKIT CERMIN,185,134,6,2,4,,16,5,352
547,PPD TEMERLOH,CEA7073,SEKOLAH MENENGAH KEBANGSAAN LANCHANG,206,179,6,11,14,9,2,2,429
548,PPD TEMERLOH,CEA7160,SEKOLAH MENENGAH KEBANGSAAN SEBERANG TEMERLOH,435,269,1,2,,4,5,7,723
549,PPD TEMERLOH,CEB7068,SEKOLAH MENENGAH KEBANGSAAN ABU BAKAR,394,409,84,94,27,38,23,22,1091
550,PPD TEMERLOH,CEB7069,SEKOLAH MENENGAH KEBANGSAAN SERI BAHAGIA,142,122,64,66,4,10,7,7,422
551,PPD TEMERLOH,CEB7071,SEKOLAH MENENGAH KEBANGSAAN HWA LIAN,90,91,533,491,144,169,13,12,1543
552,PPD TEMERLOH,CEE7070,SEKOLAH MENENGAH KEBANGSAAN MENTAKAB,185,169,120,135,67,95,31,36,838
553,PPD TEMERLOH,CFT7001,MADRASAH TARBIAH ISLAMIAH,83,100,,,,,7,1,191
554,PPD TEMERLOH,CHA7001,KOLEJ VOKASIONAL PUTERI,18,155,,,,1,,1,175
555,PPD TEMERLOH,CHA7002,KOLEJ VOKASIONAL TEMERLOH,496,183,1,,21,3,6,3,713
556,PPD TEMERLOH,CRA7001,SEKOLAH BERASRAMA PENUH INTEGRASI TEMERLOH,215,260,,,1,,2,,478
557,PPD MARAN,CBA9001,SEKOLAH KEBANGSAAN MARAN,303,244,1,,4,4,8,3,567
558,PPD MARAN,CBA9002,SEKOLAH KEBANGSAAN ULU LUIT,121,117,1,,1,5,6,4,255
559,PPD MARAN,CBA9003,SEKOLAH KEBANGSAAN (LKTP) KG NEW ZEALAND,112,91,,1,9,9,8,8,238
560,PPD MARAN,CBA9004,SEKOLAH KEBANGSAAN (FELDA) BT TAJAU,91,91,,,,,,,182
561,PPD MARAN,CBA9005,SEKOLAH KEBANGSAAN LKTP ULU JEMPOL,145,124,,,,,3,1,273
562,PPD MARAN,CBA9006,SEKOLAH KEBANGSAAN (FELDA) JENGKA 1,125,132,,,,,,,257
563,PPD MARAN,CBA9007,SEKOLAH KEBANGSAAN (FELDA) JENGKA 2,172,142,,,2,,1,3,320
564,PPD MARAN,CBA9008,SEKOLAH KEBANGSAAN KUALA SENTOL,83,78,,1,,,2,3,167
565,PPD MARAN,CBA9009,SEKOLAH KEBANGSAAN SENGGORA,39,52,,,,,1,1,93
566,PPD MARAN,CBA9010,SEKOLAH KEBANGSAAN KUALA WAU,50,47,1,2,,,,,100
567,PPD MARAN,CBA9011,SEKOLAH KEBANGSAAN SERENGKAM,52,38,1,2,,,,1,94
568,PPD MARAN,CBA9012,SEKOLAH KEBANGSAAN PAYA PASIR,48,71,,,,,,1,120
569,PPD MARAN,CBA9013,SEKOLAH KEBANGSAAN PESAGI,23,32,,,,,,,55
570,PPD MARAN,CBA9040,SEKOLAH KEBANGSAAN CHENOR,60,52,,,,,2,2,116
571,PPD MARAN,CBA9041,SEKOLAH KEBANGSAAN KERTAU,48,40,,,,,,1,89
572,PPD MARAN,CBA9042,SEKOLAH KEBANGSAAN TANJUNG PERANG,48,55,,,,,3,,106
573,PPD MARAN,CBA9043,SEKOLAH KEBANGSAAN (FELDA) JENGKA 15,126,125,,,2,,,,253
574,PPD MARAN,CBA9044,SEKOLAH KEBANGSAAN BUKIT SEGUMPAL,43,43,,,,,,,86
575,PPD MARAN,CBA9045,SEKOLAH KEBANGSAAN BUKIT LADA,51,53,,,,,,,104
576,PPD MARAN,CBA9046,SEKOLAH KEBANGSAAN BUKIT BOTA,123,107,,,1,2,3,4,240
577,PPD MARAN,CBA9047,SEKOLAH KEBANGSAAN (FELDA) JENGKA 21,128,107,,,2,4,1,1,243
578,PPD MARAN,CBA9048,SEKOLAH KEBANGSAAN (LKTP) KG AWAH,105,98,,,,,2,1,206
579,PPD MARAN,CBA9049,SEKOLAH KEBANGSAAN SEKARA,64,63,,,,2,2,2,133
580,PPD MARAN,CBA9055,SEKOLAH KEBANGSAAN (FELDA) SG NEREK,105,86,,,,,1,1,193
581,PPD MARAN,CBA9105,SEKOLAH KEBANGSAAN (FELDA) JENGKA 3,127,142,,,,,2,4,275
582,PPD MARAN,CBA9106,SEKOLAH KEBANGSAAN (FELDA) JENGKA 4,96,117,,,,,2,1,216
583,PPD MARAN,CBA9110,SEKOLAH KEBANGSAAN LKTP JENGKA 5,78,82,,,,1,2,,163
584,PPD MARAN,CBA9111,SEKOLAH KEBANGSAAN (FELDA) JENGKA 6,108,122,,,,,,,230
585,PPD MARAN,CBA9112,SEKOLAH KEBANGSAAN (LKTP) JENGKA 7,91,100,,,,,,1,192
586,PPD MARAN,CBA9113,SEKOLAH KEBANGSAAN (FELDA) JENGKA 8,114,108,,,,,,,222
587,PPD MARAN,CBA9117,SEKOLAH KEBANGSAAN BANDAR PUSAT,303,256,,,1,,8,5,573
588,PPD MARAN,CBA9118,SEKOLAH KEBANGSAAN (FELDA) JENGKA 9,95,96,,,1,,1,,193
589,PPD MARAN,CBA9119,SEKOLAH KEBANGSAAN (FELDA) JENGKA 10,123,89,,,,,,,212
590,PPD MARAN,CBA9120,SEKOLAH KEBANGSAAN (FELDA) JENGKA 11,165,126,,,,1,2,1,295
591,PPD MARAN,CBA9124,SEKOLAH KEBANGSAAN (LKTP) JENGKA 12,114,96,,,2,1,3,,216
592,PPD MARAN,CBA9125,SEKOLAH KEBANGSAAN (LKTP) JENGKA 14,170,147,,,1,,2,,320
593,PPD MARAN,CBA9132,SEKOLAH KEBANGSAAN (FELDA) JENGKA 13,103,91,1,,1,1,,,197
594,PPD MARAN,CBA9136,SEKOLAH KEBANGSAAN (FELDA) JENGKA 16,100,99,,,,4,,,203
595,PPD MARAN,CBA9137,SEKOLAH KEBANGSAAN (FELDA) JENGKA 17,145,108,,,1,1,1,1,257
596,PPD MARAN,CBA9138,SEKOLAH KEBANGSAAN (FELDA) JENGKA 18,151,156,,,,,,1,308
597,PPD MARAN,CBA9139,SEKOLAH KEBANGSAAN (FELDA) JENGKA 19,124,138,1,,,,3,3,269
598,PPD MARAN,CBA9142,SEKOLAH KEBANGSAAN SENTOSA,51,45,,,,,,,96
599,PPD MARAN,CBA9143,SEKOLAH KEBANGSAAN (FELDA) JENGKA 20,88,79,,,2,1,2,1,173
600,PPD MARAN,CBA9145,SEKOLAH KEBANGSAAN JENGKA BATU 13,38,53,,,,,2,,93
601,PPD MARAN,CBA9149,SEKOLAH KEBANGSAAN (FELDA) JENGKA 22,63,57,,,,1,,,121
602,PPD MARAN,CBA9150,SEKOLAH KEBANGSAAN JENGKA PUSAT 2,178,170,,1,,,,,349
603,PPD MARAN,CBA9151,SEKOLAH KEBANGSAAN SERI KERAMAT,90,97,,,,,2,,189
604,PPD MARAN,CBA9152,SEKOLAH KEBANGSAAN CHEDONG JAYA,71,67,,,,,,,138
605,PPD MARAN,CBA9153,SEKOLAH KEBANGSAAN DESA JAYA,244,242,,,,,,1,487
606,PPD MARAN,CBC9063,SEKOLAH JENIS KEBANGSAAN (CINA) PEI MIN,5,1,60,54,1,2,4,4,131
607,PPD MARAN,CBC9068,SEKOLAH JENIS KEBANGSAAN (CINA) MARAN,26,43,15,15,,,1,1,101
608,PPD MARAN,CBK9073,SEKOLAH JENIS KEBANGSAAN (CINA) JERIK,19,12,41,35,16,14,,2,139
609,PPD MARAN,CEA9059,SEKOLAH MENENGAH KEBANGSAAN MARAN,283,347,5,,4,6,5,7,657
610,PPD MARAN,CEA9060,SEKOLAH MENENGAH TENGKU AMPUAN AFZAN,328,303,,,1,3,9,8,652
611,PPD MARAN,CEA9114,SEKOLAH MENENGAH KEBANGSAAN (LKTP) JENGKA 2,342,396,20,18,10,22,7,12,827
612,PPD MARAN,CEA9116,SEKOLAH MENENGAH KEBANGSAAN (LKTP) KAMPUNG AWAH,105,116,,,,,1,4,226
613,PPD MARAN,CEA9133,SEKOLAH MENENGAH KEBANGSAAN (LKTP) JENGKA 6,185,159,1,1,,,3,,349
614,PPD MARAN,CEA9157,SEKOLAH MENENGAH KEBANGSAAN JENGKA PUSAT,277,426,2,,1,2,3,5,716
615,PPD MARAN,CEA9158,SEKOLAH MENENGAH KEBANGSAAN (LKTP) JENGKA 10,83,85,,,1,,1,2,172
616,PPD MARAN,CEA9160,SEKOLAH MENENGAH KEBANGSAAN (LKTP) JENGKA 18,190,169,1,,1,,3,1,365
617,PPD MARAN,CEA9161,SEKOLAH MENENGAH KEBANGSAAN (LKTP) JENGKA 21,98,100,,,4,7,1,1,211
618,PPD MARAN,CEA9162,SEKOLAH MENENGAH KEBANGSAAN JENGKA PUSAT 2,265,228,2,,,2,7,7,511
619,PPD MARAN,CEA9163,SEKOLAH MENENGAH KEBANGSAAN SERI JENGKA,141,279,,,,,,5,425
620,PPD MARAN,CEA9164,SEKOLAH MENENGAH KEBANGSAAN MARAN 2,103,125,20,19,10,3,15,8,303
621,PPD MARAN,CEA9165,SEKOLAH MENENGAH KEBANGSAAN (LKTP) JENGKA 16,215,242,,,4,5,1,7,474
622,PPD MARAN,CEA9166,SEKOLAH MENENGAH KEBANGSAAN JENGKA 12,148,168,,,3,,,2,321
623,PPD MARAN,CEA9167,SEKOLAH MENENGAH KEBANGSAAN SRI JAYA,60,68,21,20,5,2,3,2,181
624,PPD MARAN,CEA9168,SEKOLAH MENENGAH KEBANGSAAN DESA JAYA,130,110,,,1,,2,2,245
625,PPD MARAN,CEA9169,SEKOLAH MENENGAH KEBANGSAAN CEDUNG JAYA,173,145,,,1,,3,1,323
626,PPD MARAN,CFT9001,SMA AL MAHMUDI,174,97,,,1,,6,1,279
627,PPD MARAN,CHA9001,KOLEJ VOKASIONAL (PERTANIAN) CHENOR,348,253,2,,,,2,1,606
628,PPD ROMPIN,CBA8001,SEKOLAH KEBANGSAAN ROMPIN,297,325,1,,2,2,3,6,636
629,PPD ROMPIN,CBA8002,SEKOLAH KEBANGSAAN PONTIAN,206,184,2,2,,,7,3,404
630,PPD ROMPIN,CBA8003,SEKOLAH KEBANGSAAN TANJONG GEMOK,252,208,2,,1,,22,21,506
631,PPD ROMPIN,CBA8004,SEKOLAH KEBANGSAAN PIANGGU,192,178,,,,,5,1,376
632,PPD ROMPIN,CBA8005,SEKOLAH KEBANGSAAN SARANG TIONG,75,60,,,,,1,2,138
633,PPD ROMPIN,CBA8006,SEKOLAH KEBANGSAAN LEBAN CHONDONG,266,277,6,2,1,2,3,3,560
634,PPD ROMPIN,CBA8007,SEKOLAH KEBANGSAAN KAMPONG AUR,47,47,,,,,1,,95
635,PPD ROMPIN,CBA8008,SEKOLAH KEBANGSAAN BUKIT IBAM,162,178,,,,2,4,2,348
636,PPD ROMPIN,CBA8009,SEKOLAH KEBANGSAAN TEKEK,147,106,2,,1,,2,1,259
637,PPD ROMPIN,CBA8010,SEKOLAH KEBANGSAAN PERANTAU DAMAI,99,101,,,,,1,,201
638,PPD ROMPIN,CBA8011,SEKOLAH KEBANGSAAN (FELDA) SELENDANG 01,81,57,,,,,,1,139
639,PPD ROMPIN,CBA8012,SEKOLAH KEBANGSAAN KEDAIK,254,244,8,4,,,1,2,513
640,PPD ROMPIN,CBA8013,SEKOLAH KEBANGSAAN BT SEROK,119,83,2,2,,,1,1,208
641,PPD ROMPIN,CBA8014,SEKOLAH KEBANGSAAN LADANG KOTA BAHAGIA,98,132,,2,,1,6,6,245
642,PPD ROMPIN,CBA8015,SEKOLAH KEBANGSAAN (FELDA) KERATONG 1,201,186,,2,,,4,3,396
643,PPD ROMPIN,CBA8018,SEKOLAH KEBANGSAAN (LKTP) KERATONG 4,202,193,,1,4,3,2,1,406
644,PPD ROMPIN,CBA8020,SEKOLAH KEBANGSAAN (FELDA) KERATONG 2,129,125,,,,,,1,255
645,PPD ROMPIN,CBA8021,SEKOLAH KEBANGSAAN LKTP SELANCAR 1,159,143,1,1,2,,6,5,317
646,PPD ROMPIN,CBA8022,SEKOLAH KEBANGSAAN (FELDA) KERATONG 6,79,63,,,1,,,,143
647,PPD ROMPIN,CBA8023,SEKOLAH KEBANGSAAN (LKTP) KERATONG 3,227,214,,,,2,1,,444
648,PPD ROMPIN,CBA8024,SEKOLAH KEBANGSAAN (LKTP) KERATONG 8,79,66,,,1,7,,,153
649,PPD ROMPIN,CBA8025,SEKOLAH KEBANGSAAN SUNGAI PUTERI,242,257,1,1,2,,,,503
650,PPD ROMPIN,CBA8026,SEKOLAH KEBANGSAAN (LKTP) SELANCAR 3,72,86,,,3,1,1,1,164
651,PPD ROMPIN,CBA8027,SEKOLAH KEBANGSAAN MELATI,106,98,,,1,2,9,8,224
652,PPD ROMPIN,CBA8028,SEKOLAH KEBANGSAAN BULUH NIPIS,50,44,4,3,,,,,101
653,PPD ROMPIN,CBA8029,SEKOLAH KEBANGSAAN DENAI,26,20,,,,,,2,48
654,PPD ROMPIN,CBA8030,SEKOLAH KEBANGSAAN SG. MOK (JHEOA),43,53,,3,,,,,99
655,PPD ROMPIN,CBA8031,SEKOLAH KEBANGSAAN MUKUT,3,7,,,,,,,10
656,PPD ROMPIN,CBA8032,SEKOLAH KEBANGSAAN JUARA,13,20,,,,,1,1,35
657,PPD ROMPIN,CBA8033,SEKOLAH KEBANGSAAN BANDAR TUN RAZAK,92,85,,,,,,,177
658,PPD ROMPIN,CBA8034,SEKOLAH KEBANGSAAN (LKTP) KERATONG 7,92,89,1,,1,,,,183
659,PPD ROMPIN,CBA8035,SEKOLAH KEBANGSAAN KAMPONG KOLAM,265,247,1,,,2,1,4,520
660,PPD ROMPIN,CBA8036,SEKOLAH KEBANGSAAN MUADZAM JAYA,295,253,,2,3,1,3,9,566
661,PPD ROMPIN,CBA8037,SEKOLAH KEBANGSAAN KERATONG 10,96,102,1,,1,,,2,202
662,PPD ROMPIN,CBA8038,SEKOLAH KEBANGSAAN JANGLAU,179,153,,,,,1,4,337
663,PPD ROMPIN,CBA8039,SEKOLAH KEBANGSAAN (LKTP) SELENDANG 4,54,61,,,,,2,1,118
664,PPD ROMPIN,CBA8040,SEKOLAH KEBANGSAAN BUKIT RIDAN,346,326,,,5,1,16,16,710
665,PPD ROMPIN,CBA8041,SEKOLAH KEBANGSAAN CHENDERAWASIH,39,41,,,1,3,4,3,91
666,PPD ROMPIN,CBA8042,SEKOLAH KEBANGSAAN (FELDA) SELANCAR 2,142,119,,,,2,,1,264
667,PPD ROMPIN,CBA8043,SEKOLAH KEBANGSAAN MUADZAM SHAH,133,112,3,1,2,6,1,,258
668,PPD ROMPIN,CBC8016,SEKOLAH JENIS KEBANGSAAN (CINA) ROMPIN,62,72,63,64,1,2,1,2,267
669,PPD ROMPIN,CCA8001,SEKOLAH RENDAH AGAMA ISLAHIAH,136,105,,,1,,3,1,246
670,PPD ROMPIN,CEA8017,SEKOLAH MENENGAH KEBANGSAAN ROMPIN,312,377,34,52,4,2,7,6,794
671,PPD ROMPIN,CEA8018,SEKOLAH MENENGAH KEBANGSAAN KERATONG,262,227,2,1,,1,5,6,504
672,PPD ROMPIN,CEA8019,SEKOLAH MENENGAH KEBANGSAAN TANJUNG GEMOK,438,431,15,17,1,,14,18,934
673,PPD ROMPIN,CEA8020,SEKOLAH MENENGAH KEBANGSAAN PERWIRA JAYA,134,127,,,4,2,,,267
674,PPD ROMPIN,CEA8021,SEKOLAH MENENGAH KEBANGSAAN PERANTAU DAMAI,214,231,,,,4,6,13,468
675,PPD ROMPIN,CEA8022,SEKOLAH MENENGAH KEBANGSAAN TEKEK,96,98,,1,,,4,4,203
676,PPD ROMPIN,CEA8023,SEKOLAH MENENGAH KEBANGSAAN CHANIS,134,116,,,1,2,5,2,260
677,PPD ROMPIN,CEA8024,SEKOLAH MENENGAH KEBANGSAAN BANDAR TUN RAZAK,257,236,1,,1,6,3,2,506
678,PPD ROMPIN,CEA8025,SEKOLAH MENENGAH KEBANGSAAN SERI ROMPIN,105,206,1,4,1,,,3,320
679,PPD ROMPIN,CEA8026,SEKOLAH MENENGAH KEBANGSAAN MUADZAM JAYA,347,363,12,10,2,2,19,13,768
680,PPD ROMPIN,CEA8027,SEKOLAH MENENGAH KEBANGSAAN SELANCAR,108,149,,,,2,2,7,268
681,PPD ROMPIN,CEA8028,SEKOLAH MENENGAH KEBANGSAAN SUNGAI PUTERI,146,174,3,3,2,1,1,2,332
682,PPD ROMPIN,CEA8029,SEKOLAH MENENGAH KEBANGSAAN SELENDANG,76,73,,1,,1,,,151
683,PPD ROMPIN,CEA8030,SEKOLAH MENENGAH KEBANGSAAN PONTIAN JAYA,143,135,3,4,,,8,3,296
684,PPD ROMPIN,CEA8031,SEKOLAH MENENGAH KEBANGSAAN ROMPIN PERMAI,169,149,2,1,3,1,1,1,327
685,PPD ROMPIN,CEA8032,SEKOLAH MENENGAH KEBANGSAAN MUADZAM SHAH,176,345,,,3,3,5,10,542
686,PPD ROMPIN,CFT8001,SMA AL-HASANAH,121,133,,,,1,,5,260
687,PPD ROMPIN,CHA8001,KOLEJ VOKASIONAL SULTAN AHMAD SHAH,472,123,8,,,,2,2,607
688,PPD ROMPIN,CHA8002,KOLEJ VOKASIONAL MUADZAM SHAH,191,137,2,,1,,6,2,339
689,PPD ROMPIN,CRA8001,SEKOLAH MENENGAH KEBANGSAAN AGAMA PAHANG,213,297,,,,,1,5,516
690,PPD BERA,CBAA001,SEKOLAH KEBANGSAAN BUKIT GEMURUH (JHEOA),46,45,,,,,,,91
691,PPD BERA,CBAA002,SEKOLAH KEBANGSAAN ISKANDAR,107,94,,3,,1,,,205
692,PPD BERA,CBAA009,SEKOLAH KEBANGSAAN (LKTP) TEMBANGAU 1,133,126,,,6,1,4,2,272
693,PPD BERA,CBAA010,SEKOLAH KEBANGSAAN LKTP TEMBANGAU 3,54,55,,,4,,1,2,116
694,PPD BERA,CBAA011,SEKOLAH KEBANGSAAN LKTP TEMBANGAU 6,44,48,,1,,,,1,94
695,PPD BERA,CBAA036,SEKOLAH KEBANGSAAN DURIAN TAWAR,60,69,,,,,2,1,132
696,PPD BERA,CBAA038,SEKOLAH KEBANGSAAN KERAYONG,298,262,,,1,,3,5,569
697,PPD BERA,CBAA039,SEKOLAH KEBANGSAAN KUALA TRIANG,78,70,,,,,1,,149
698,PPD BERA,CBAA040,SEKOLAH KEBANGSAAN BATU PAPAN,45,40,,,,,1,,86
699,PPD BERA,CBAA041,SEKOLAH KEBANGSAAN KUALA BERA,33,31,,,,,,,64
700,PPD BERA,CBAA042,SEKOLAH KEBANGSAAN BT ROK,64,89,1,1,,3,,,158
701,PPD BERA,CBAA045,SEKOLAH KEBANGSAAN (FELDA) TRIANG 3,143,111,1,,,,3,2,260
702,PPD BERA,CBAA057,SEKOLAH KEBANGSAAN (FELDA) BT MENDI,163,147,,,,,,1,311
703,PPD BERA,CBAA058,SEKOLAH KEBANGSAAN (FELDA) BT PUCHONG,108,119,,,,1,,1,229
704,PPD BERA,CBAA109,SEKOLAH KEBANGSAAN (FELDA) BT KEPAYANG,80,95,,,,,1,1,177
705,PPD BERA,CBAA121,SEKOLAH KEBANGSAAN (FELDA) MAYAM,121,120,,,5,7,,,253
706,PPD BERA,CBAA123,SEKOLAH KEBANGSAAN BOHOR BAHARU,31,50,,,,,1,,82
707,PPD BERA,CBAA130,SEKOLAH KEBANGSAAN (FELDA) PURUN,152,149,,1,3,2,1,,308
708,PPD BERA,CBAA135,SEKOLAH KEBANGSAAN (FELDA) TEMENTI,151,132,,,1,8,1,1,294
709,PPD BERA,CBAA145,SEKOLAH KEBANGSAAN (FELDA) SEBERTAK,159,118,,,,,1,1,279
710,PPD BERA,CBAA146,SEKOLAH KEBANGSAAN (FELDA) RENTAM,102,91,,,,,1,1,195
711,PPD BERA,CBAA147,SEKOLAH KEBANGSAAN KEMAYAN,102,130,1,,6,,7,4,250
712,PPD BERA,CBAA148,SEKOLAH KEBANGSAAN (FELDA) KUMAI,90,114,,,,,,3,207
713,PPD BERA,CBAA149,SEKOLAH KEBANGSAAN LKTP TRIANG 2,49,53,,,1,,,,103
714,PPD BERA,CBAA150,SEKOLAH KEBANGSAAN SRI BUNTAR,151,119,1,1,6,5,6,2,291
715,PPD BERA,CBAA151,SEKOLAH KEBANGSAAN MENGKUANG,21,36,,,,,1,,58
716,PPD BERA,CBAA152,SEKOLAH KEBANGSAAN KERAYONG JAYA,297,312,8,2,1,2,9,6,637
717,PPD BERA,CBCA079,SEKOLAH JENIS KEBANGSAAN (CINA) TRIANG (1),9,5,280,305,8,6,6,2,621
718,PPD BERA,CBCA080,SEKOLAH JENIS KEBANGSAAN (CINA) TRIANG (2),1,7,237,210,3,5,1,3,467
719,PPD BERA,CBCA082,SEKOLAH JENIS KEBANGSAAN (CINA) KERAYONG,29,24,174,165,2,1,5,3,403
720,PPD BERA,CBCA083,SEKOLAH JENIS KEBANGSAAN (CINA) MENGKUANG,2,5,50,52,1,3,,1,114
721,PPD BERA,CBCA084,SEKOLAH JENIS KEBANGSAAN (CINA) MENGKARAK,3,4,51,71,5,2,,,136
722,PPD BERA,CBCA086,SEKOLAH JENIS KEBANGSAAN (CINA) KEMASUL,,,4,2,2,1,,,9
723,PPD BERA,CBCA088,SEKOLAH JENIS KEBANGSAAN (CINA) MENTERI,,,16,18,2,1,,,37
724,PPD BERA,CBDA097,SEKOLAH JENIS KEBANGSAAN (TAMIL) LDG MENTERI,,,,,68,57,,,125
725,PPD BERA,CBDA098,SEKOLAH JENIS KEBANGSAAN (TAMIL) LDG KARMEN,,,,,10,9,,,19
726,PPD BERA,CBDA099,SEKOLAH JENIS KEBANGSAAN (TAMIL) KEMAYAN,1,,,1,48,37,,,87
727,PPD BERA,CBKA081,SEKOLAH JENIS KEBANGSAAN (CINA) KEMAYAN,13,9,155,140,1,5,3,4,330
728,PPD BERA,CEAA061,SEKOLAH MENENGAH KEBANGSAAN BERA,193,189,1,1,1,2,,2,389
729,PPD BERA,CEAA062,SEKOLAH MENENGAH KEBANGSAAN MENGKARAK,414,438,15,18,13,8,7,10,923
730,PPD BERA,CEAA115,SEKOLAH MENENGAH KEBANGSAAN BUKIT MENDI,214,173,,,,1,3,1,392
731,PPD BERA,CEAA156,SEKOLAH MENENGAH KEBANGSAAN (FELDA) PURUN,304,287,1,,3,13,1,1,610
732,PPD BERA,CEAA159,SEKOLAH MENENGAH KEBANGSAAN KEMAYAN,111,86,121,119,36,27,9,11,520
733,PPD BERA,CEAA161,SEKOLAH MENENGAH KEBANGSAAN BANDAR KERAYONG,131,169,119,115,17,13,5,10,579
734,PPD BERA,CEAA162,SEKOLAH MENENGAH KEBANGSAAN TEMBANGAU,214,173,,1,3,9,1,2,403
735,PPD BERA,CEAA163,SEKOLAH MENENGAH KEBANGSAAN SERI BERA,130,308,,3,1,3,1,2,448
736,PPD BERA,CEAA164,SEKOLAH MENENGAH KEBANGSAAN TRIANG 3,125,94,,,,1,,,220
737,PPD BERA,CEBA072,SEKOLAH MENENGAH KEBANGSAAN TRIANG,61,44,545,573,52,50,4,7,1336
JUMLAH,,,,106431,103146,14237,13866,4442,4369,2229,2240,250960
,,,,,,,,,,,,
